{"exp_name": "0_relu_baseline", "machine": "mbp", "results": {"train_time": 45.22926070699759, "val_time": 0.14059407399690826, "val_ams_smooth": 3.275112231188694, "val_ams_max": 3.3463871987841625, "test_time": 1.0854913719995238, "test_public_ams_mean": [3.480619625090081, 0.060178459598802685], "test_private_ams_mean": [3.4083423353099773, 0.04144415088638941], "test_public_ams": 3.473273497861116, "test_private_ams": 3.402949309029299}}