{"exp_name": "0_relu_baseline", "machine": "daedalus", "results": {"train_time": 74.8445305377245, "val_time": 0.15716573223471642, "val_ams_smooth": 3.5673228936202133, "val_ams_max": 3.6204681403488794, "test_time": 1.2700794972479343, "test_public_ams_mean": [3.4608464198452835, 0.07355634207992806], "test_private_ams_mean": [3.4293916783572973, 0.028393391729788], "test_public_ams": 3.45009932088082, "test_private_ams": 3.427624565646214}}