{"exp_name": "0_relu_baseline", "machine": "morpheus", "results": {"train_time": 67.40384469553828, "val_time": 0.21408750489354134, "val_ams_smooth": 3.391780464775363, "val_ams_max": 3.4160759199934065, "test_time": 1.689862072467804, "test_public_ams_mean": [3.4504007044777305, 0.07150046358005968], "test_private_ams_mean": [3.33359137414877, 0.0255262546291638], "test_public_ams": 3.441149969743682, "test_private_ams": 3.332243253036941}}