{"exp_name": "0_relu_baseline", "machine": "helios_cpu", "results": {"train_time": 42.750536903000466, "val_time": 0.08680325399836875, "val_ams_smooth": 3.353873569561893, "val_ams_max": 3.4395662643433136, "test_time": 0.8953697239994654, "test_public_ams_mean": [3.3897611572060455, 0.08746316800915012], "test_private_ams_mean": [3.4016490612519426, 0.04589452894227019], "test_public_ams": 3.3658514971099045, "test_private_ams": 3.396242180686181}}