{"exp_name": "0_relu_baseline", "machine": "icarus", "results": {"train_time": 82.78054094314575, "val_time": 0.15305519849061966, "val_ams_smooth": 3.3338621102456205, "val_ams_max": 3.412302159055956, "test_time": 1.224800180643797, "test_public_ams_mean": [3.449134106811102, 0.0629228141772185], "test_private_ams_mean": [3.317886606583093, 0.03369168301877395], "test_public_ams": 3.43987578154203, "test_private_ams": 3.315051255832791}}