{"exp_name": "0_relu_baseline", "machine": "helios_cuda", "results": {"train_time": 32.43193237400192, "val_time": 0.04273891499906313, "val_ams_smooth": 3.3398845397356336, "val_ams_max": 3.3601897450904814, "test_time": 0.14060635200075922, "test_public_ams_mean": [3.384897895435839, 0.07111815934259737], "test_private_ams_mean": [3.410988972966804, 0.021158132521391718], "test_public_ams": 3.3767604007263405, "test_private_ams": 3.409187764170855}}