{"exp_name": "11_swish_ensemble_embed_aug_swaconst", "machine": "daedalus", "results": {"train_time": 2226.415466416627, "val_time_no_tta": 0.8774691522121429, "val_ams_smooth_no_tta": 3.852667382414629, "val_ams_max_no_tta": 4.003961670680419, "val_time": 10.86368840187788, "val_ams_smooth": 3.873288187051321, "val_ams_max": 3.976637632534422, "test_time_no_tta": 15.054506123065948, "test_public_ams_mean_no_tta": [3.8273307807530927, 0.1263951007782302], "test_private_ams_mean_no_tta": [3.78221252435016, 0.0501017767990131], "test_public_ams_no_tta": 3.7894256170154117, "test_private_ams_no_tta": 3.7770777247253227, "test_time": 131.44602325558662, "test_public_ams_mean": [3.8300851875268953, 0.1238676276766756], "test_private_ams_mean": [3.797822765358623, 0.04511775905487937], "test_public_ams": 3.7920079562582343, "test_private_ams": 3.7938337993014515}}