{"exp_name": "11_swish_ensemble_embed_aug_swaconst", "machine": "mbp", "results": {"train_time": 1893.788950954, "val_time_no_tta": 1.2981807420001132, "val_ams_smooth_no_tta": 3.826060011220484, "val_ams_max_no_tta": 3.874845328136265, "val_time": 12.930596418002096, "val_ams_smooth": 3.8598222142894882, "val_ams_max": 3.906443888916652, "test_time_no_tta": 13.58735955800148, "test_public_ams_mean_no_tta": [3.76426997037223, 0.08537093639386904], "test_private_ams_mean_no_tta": [3.7270391425527114, 0.02640704496406341], "test_public_ams_no_tta": 3.7514576427027873, "test_private_ams_no_tta": 3.724952899693451, "test_time": 122.97330230599982, "test_public_ams_mean": [3.7707292559909917, 0.08761992504534294], "test_private_ams_mean": [3.7322698873610776, 0.026855593988502367], "test_public_ams": 3.756846289328829, "test_private_ams": 3.7300173093051403}}