{"exp_name": "11_swish_ensemble_embed_aug_swaconst", "machine": "morpheus", "results": {"train_time": 2427.996422443539, "val_time_no_tta": 1.2526923902332783, "val_ams_smooth_no_tta": 4.033656476265165, "val_ams_max_no_tta": 4.098865990737511, "val_time": 14.550765987485647, "val_ams_smooth": 4.014493354492306, "val_ams_max": 4.168642625806209, "test_time_no_tta": 20.243837229907513, "test_public_ams_mean_no_tta": [3.827400956345238, 0.07557070690550055], "test_private_ams_mean_no_tta": [3.8017283119034033, 0.03542174573860618], "test_public_ams_no_tta": 3.8156038706570663, "test_private_ams_no_tta": 3.7959670097911276, "test_time": 172.54157750308514, "test_public_ams_mean": [3.854680761658728, 0.08304674726182329], "test_private_ams_mean": [3.7985212571634848, 0.03677499258862542], "test_public_ams": 3.840003442450095, "test_private_ams": 3.792792792808003}}