{"exp_name": "11_swish_ensemble_embed_aug_swaconst", "machine": "icarus", "results": {"train_time": 2956.5588396266103, "val_time_no_tta": 0.7804140634834766, "val_ams_smooth_no_tta": 3.9807249693207303, "val_ams_max_no_tta": 4.042679348963242, "val_time": 11.732040163129568, "val_ams_smooth": 4.010354023382503, "val_ams_max": 4.056159274905036, "test_time_no_tta": 14.212319802492857, "test_public_ams_mean_no_tta": [3.8347163621683285, 0.04621115960388436], "test_private_ams_mean_no_tta": [3.7926269054759265, 0.052476965673558466], "test_public_ams_no_tta": 3.8227469432773953, "test_private_ams_no_tta": 3.7839012265827674, "test_time": 114.89412258192897, "test_public_ams_mean": [3.8857197244925517, 0.0499764735640177], "test_private_ams_mean": [3.785654313078134, 0.04953889574515128], "test_public_ams": 3.871757283112878, "test_private_ams": 3.777723551512152}}