{"exp_name": "11_swish_ensemble_embed_aug_swaconst", "machine": "helios_cuda", "results": {"train_time": 977.60500013, "val_time_no_tta": 0.13039200699950015, "val_ams_smooth_no_tta": 3.6327909623695938, "val_ams_max_no_tta": 3.7340276475211276, "val_time": 4.029719817000114, "val_ams_smooth": 3.6544287169763563, "val_ams_max": 3.765077391149185, "test_time_no_tta": 0.5995923609998499, "test_public_ams_mean_no_tta": [3.7560562520600245, 0.08072855580513862], "test_private_ams_mean_no_tta": [3.7576022995628704, 0.046972422131748924], "test_public_ams_no_tta": 3.746597396393226, "test_private_ams_no_tta": 3.7521969187833975, "test_time": 16.590213948000383, "test_public_ams_mean": [3.7767065201417958, 0.0844198056545238], "test_private_ams_mean": [3.757511734152504, 0.04352894877830596], "test_public_ams": 3.7649072471962457, "test_private_ams": 3.7527313766144887}}