{"exp_name": "11_swish_ensemble_embed_aug_swaconst", "machine": "helios_cpu", "results": {"train_time": 1339.652004303999, "val_time_no_tta": 0.6652977190005913, "val_ams_smooth_no_tta": 3.8078668894734924, "val_ams_max_no_tta": 3.8562784588972896, "val_time": 8.614669501999742, "val_ams_smooth": 3.8559312418906346, "val_ams_max": 3.885819966507121, "test_time_no_tta": 12.5380606359995, "test_public_ams_mean_no_tta": [3.761328432115294, 0.06058385631032012], "test_private_ams_mean_no_tta": [3.760871784375836, 0.03693288296209205], "test_public_ams_no_tta": 3.7534269833120444, "test_private_ams_no_tta": 3.757697466835268, "test_time": 110.76835791099984, "test_public_ams_mean": [3.764929493291779, 0.059595472795662165], "test_private_ams_mean": [3.739233603088445, 0.03691043914158694], "test_public_ams": 3.755761155079382, "test_private_ams": 3.7360140429598245}}