{"exp_name": "12_swish_ensemble_embed_aug_swacosine1", "machine": "daedalus", "results": {"train_time": 2911.7423447445035, "val_time_no_tta": 0.8892996534705162, "val_ams_smooth_no_tta": 3.721910310774773, "val_ams_max_no_tta": 4.028317301105782, "val_time": 10.85744759812951, "val_ams_smooth": 3.8612076295100617, "val_ams_max": 3.9838752811111036, "test_time_no_tta": 16.65668159723282, "test_public_ams_mean_no_tta": [3.8598012388003218, 0.09092227090567456], "test_private_ams_mean_no_tta": [3.8054523935461275, 0.052094310444334484], "test_public_ams_no_tta": 3.8380897915709054, "test_private_ams_no_tta": 3.799920055831397, "test_time": 133.75078403949738, "test_public_ams_mean": [3.821831529780509, 0.09568817159682118], "test_private_ams_mean": [3.8132762768734905, 0.05804680630871528], "test_public_ams": 3.7971557329116408, "test_private_ams": 3.8064649994212973}}