{"exp_name": "12_swish_ensemble_embed_aug_swacosine1", "machine": "mbp", "results": {"train_time": 2420.379591060999, "val_time_no_tta": 1.1676869560033083, "val_ams_smooth_no_tta": 3.8196030782848616, "val_ams_max_no_tta": 3.8729210503634475, "val_time": 12.852897690001555, "val_ams_smooth": 3.858961637717045, "val_ams_max": 3.8819775111850565, "test_time_no_tta": 13.809820383001352, "test_public_ams_mean_no_tta": [3.7508638593640127, 0.07658910483106934], "test_private_ams_mean_no_tta": [3.75827438323401, 0.04112620672377432], "test_public_ams_no_tta": 3.7385368594724206, "test_private_ams_no_tta": 3.7547589334787963, "test_time": 122.71761480900022, "test_public_ams_mean": [3.7554527561208646, 0.07707116347625988], "test_private_ams_mean": [3.7637619239411606, 0.044338557441767866], "test_public_ams": 3.7427560467717806, "test_private_ams": 3.7596079508952043}}