{"exp_name": "12_swish_ensemble_embed_aug_swacosine1", "machine": "icarus", "results": {"train_time": 4079.4429242163897, "val_time_no_tta": 0.7683299146592617, "val_ams_smooth_no_tta": 3.9420744790922977, "val_ams_max_no_tta": 4.010138057181293, "val_time": 12.059678670018911, "val_ams_smooth": 3.9955522611178096, "val_ams_max": 4.0191005228267365, "test_time_no_tta": 14.076722331345081, "test_public_ams_mean_no_tta": [3.865948985490925, 0.11262953677755941], "test_private_ams_mean_no_tta": [3.800319676903233, 0.03913325659093937], "test_public_ams_no_tta": 3.835623389779075, "test_private_ams_no_tta": 3.797338266891474, "test_time": 117.15841832756996, "test_public_ams_mean": [3.8699018969677232, 0.09987674573034812], "test_private_ams_mean": [3.8053522351070774, 0.03554106079071029], "test_public_ams": 3.846675109448261, "test_private_ams": 3.803123423585019}}