{"exp_name": "12_swish_ensemble_embed_aug_swacosine1", "machine": "morpheus", "results": {"train_time": 3554.8340887874365, "val_time_no_tta": 1.1954853869974613, "val_ams_smooth_no_tta": 4.0843916945792165, "val_ams_max_no_tta": 4.141310103115489, "val_time": 14.645458981394768, "val_ams_smooth": 4.084649116492953, "val_ams_max": 4.142502783553475, "test_time_no_tta": 20.4892014041543, "test_public_ams_mean_no_tta": [3.8184189386034904, 0.06375535892242892], "test_private_ams_mean_no_tta": [3.8059862063919594, 0.036751142978376665], "test_public_ams_no_tta": 3.8000287938115926, "test_private_ams_no_tta": 3.802431367276855, "test_time": 180.2540340386331, "test_public_ams_mean": [3.8211995354829895, 0.07802296817477934], "test_private_ams_mean": [3.8045361415346455, 0.04008191999733769], "test_public_ams": 3.7974256319932835, "test_private_ams": 3.800192691732405}}