{"exp_name": "12_swish_ensemble_embed_aug_swacosine1", "machine": "helios_cpu", "results": {"train_time": 1852.9611068070008, "val_time_no_tta": 0.7325581170007354, "val_ams_smooth_no_tta": 3.8290429822578824, "val_ams_max_no_tta": 3.917644647041018, "val_time": 8.818287483001768, "val_ams_smooth": 3.8273833983060332, "val_ams_max": 3.9100045528494576, "test_time_no_tta": 12.666182169999956, "test_public_ams_mean_no_tta": [3.802919216526213, 0.09654961869028338], "test_private_ams_mean_no_tta": [3.7775181975897807, 0.03326304703636001], "test_public_ams_no_tta": 3.7840857904388083, "test_private_ams_no_tta": 3.774859083447633, "test_time": 108.37381157400159, "test_public_ams_mean": [3.7882952535622842, 0.0989415056958573], "test_private_ams_mean": [3.77236272171323, 0.03583635721934131], "test_public_ams": 3.768393292097936, "test_private_ams": 3.769375686017657}}