{"exp_name": "12_swish_ensemble_embed_aug_swacosine1", "machine": "helios_cuda", "results": {"train_time": 1208.1863263710002, "val_time_no_tta": 0.10830168800021056, "val_ams_smooth_no_tta": 3.728071580904072, "val_ams_max_no_tta": 3.942341967723499, "val_time": 3.96144457599803, "val_ams_smooth": 3.7405025367360714, "val_ams_max": 3.7580084673593404, "test_time_no_tta": 0.5546061519999057, "test_public_ams_mean_no_tta": [3.8435571590930713, 0.11389768768988083], "test_private_ams_mean_no_tta": [3.8067217326785396, 0.04058115403117604], "test_public_ams_no_tta": 3.815637847613872, "test_private_ams_no_tta": 3.8042619706449465, "test_time": 16.36685232599848, "test_public_ams_mean": [3.810268840454966, 0.10914319574951623], "test_private_ams_mean": [3.7832559490735918, 0.03917445331219103], "test_public_ams": 3.780566735854936, "test_private_ams": 3.7804268002508974}}