{"exp_name": "13_swish_ensemble_embed_aug_swacyclic", "machine": "daedalus", "results": {"train_time": 3503.9905692599714, "val_time_no_tta": 0.9154323115944862, "val_ams_smooth_no_tta": 3.893398803381201, "val_ams_max_no_tta": 4.034281514428265, "val_time": 10.887031193822622, "val_ams_smooth": 3.8547721019125354, "val_ams_max": 4.006576065299185, "test_time_no_tta": 16.283694967627525, "test_public_ams_mean_no_tta": [3.781083582924167, 0.07110084402661405], "test_private_ams_mean_no_tta": [3.8077892560902837, 0.050125643497549915], "test_public_ams_no_tta": 3.764435328169884, "test_private_ams_no_tta": 3.7996930276234497, "test_time": 134.2342538498342, "test_public_ams_mean": [3.814878812659753, 0.08069435302697524], "test_private_ams_mean": [3.798588219980703, 0.043879733251362144], "test_public_ams": 3.7952139358254318, "test_private_ams": 3.7923801571429148}}