{"exp_name": "13_swish_ensemble_embed_aug_swacyclic", "machine": "mbp", "results": {"train_time": 2622.207125656998, "val_time_no_tta": 1.1044079720013542, "val_ams_smooth_no_tta": 3.8850327573402916, "val_ams_max_no_tta": 3.910495569771354, "val_time": 12.692809986998327, "val_ams_smooth": 3.884152286141322, "val_ams_max": 3.9434882369926205, "test_time_no_tta": 13.400210111998604, "test_public_ams_mean_no_tta": [3.7647598005086325, 0.09678437018174323], "test_private_ams_mean_no_tta": [3.755768039229205, 0.04795791657502254], "test_public_ams_no_tta": 3.7529967177189447, "test_private_ams_no_tta": 3.7493459318150864, "test_time": 122.37544896600593, "test_public_ams_mean": [3.771498676217397, 0.09341529513271661], "test_private_ams_mean": [3.7553384271066625, 0.046016290751004336], "test_public_ams": 3.7604911238985337, "test_private_ams": 3.749266462272217}}