{"exp_name": "13_swish_ensemble_embed_aug_swacyclic", "machine": "helios_cuda", "results": {"train_time": 1326.9555602670007, "val_time_no_tta": 0.12509648500054027, "val_ams_smooth_no_tta": 3.671044853671059, "val_ams_max_no_tta": 3.772353030220811, "val_time": 4.028930513002706, "val_ams_smooth": 3.7202672181401777, "val_ams_max": 3.745388549239614, "test_time_no_tta": 0.5939851590010221, "test_public_ams_mean_no_tta": [3.846834642437321, 0.11788224072513041], "test_private_ams_mean_no_tta": [3.8027255992819446, 0.029184964069797453], "test_public_ams_no_tta": 3.8158053139339474, "test_private_ams_no_tta": 3.8001370327410458, "test_time": 16.580025380000734, "test_public_ams_mean": [3.8398882625623565, 0.1259133920906576], "test_private_ams_mean": [3.8088880988449896, 0.02913909247958159], "test_public_ams": 3.808639132730562, "test_private_ams": 3.806260394553612}}