{"exp_name": "13_swish_ensemble_embed_aug_swacyclic", "machine": "helios_cpu", "results": {"train_time": 1642.0912686990014, "val_time_no_tta": 0.7746674600020924, "val_ams_smooth_no_tta": 3.8022915131510318, "val_ams_max_no_tta": 3.8750669197029666, "val_time": 8.704492436001601, "val_ams_smooth": 3.821219138303959, "val_ams_max": 3.893711963281878, "test_time_no_tta": 12.711532397002884, "test_public_ams_mean_no_tta": [3.760399789121558, 0.08654060072799342], "test_private_ams_mean_no_tta": [3.735518213808876, 0.028900411217334585], "test_public_ams_no_tta": 3.747215734744394, "test_private_ams_no_tta": 3.7323338129500216, "test_time": 107.95448505999957, "test_public_ams_mean": [3.7475563327472257, 0.08179502653090209], "test_private_ams_mean": [3.762832268634603, 0.02885535617242442], "test_public_ams": 3.7350546238965876, "test_private_ams": 3.7594633719356674}}