{"exp_name": "13_swish_ensemble_embed_aug_swacyclic", "machine": "icarus", "results": {"train_time": 3941.937727302313, "val_time_no_tta": 0.8386212475597858, "val_ams_smooth_no_tta": 3.952107281462932, "val_ams_max_no_tta": 4.022918783626099, "val_time": 12.097519554197788, "val_ams_smooth": 3.9371660053075352, "val_ams_max": 4.031124826467616, "test_time_no_tta": 13.2388049736619, "test_public_ams_mean_no_tta": [3.8476213251753686, 0.0785387394357869], "test_private_ams_mean_no_tta": [3.781006314528697, 0.024103947434930977], "test_public_ams_no_tta": 3.8297123310858048, "test_private_ams_no_tta": 3.779559433613328, "test_time": 111.31179732829332, "test_public_ams_mean": [3.8461277252549926, 0.07248991134878986], "test_private_ams_mean": [3.7927514827283857, 0.026481795924398675], "test_public_ams": 3.8299738213919485, "test_private_ams": 3.7917780351220447}}