{"exp_name": "13_swish_ensemble_embed_aug_swacyclic", "machine": "morpheus", "results": {"train_time": 3591.4574477672577, "val_time_no_tta": 1.2455177530646324, "val_ams_smooth_no_tta": 3.974999534285842, "val_ams_max_no_tta": 4.156869532273343, "val_time": 14.438893765211105, "val_ams_smooth": 4.007509236921864, "val_ams_max": 4.18626379255764, "test_time_no_tta": 20.6189188323915, "test_public_ams_mean_no_tta": [3.8776843773992447, 0.15952203665917047], "test_private_ams_mean_no_tta": [3.7933331887098505, 0.05141530924555347], "test_public_ams_no_tta": 3.8283248232621947, "test_private_ams_no_tta": 3.7827170760336495, "test_time": 179.16342117264867, "test_public_ams_mean": [3.845189928472842, 0.1523589742878218], "test_private_ams_mean": [3.788257655067233, 0.053522691187100895], "test_public_ams": 3.8000040764270975, "test_private_ams": 3.7768018270510018}}