{"exp_name": "14_swish_ensemble_embed_aug_sse", "machine": "mbp", "results": {"train_time": 2173.1438757009964, "val_time_no_tta": 3.078499750001356, "val_ams_smooth_no_tta": 3.8362671263179244, "val_ams_max_no_tta": 3.8766560077801224, "val_time": 27.911015124998812, "val_ams_smooth": 3.8546036788039895, "val_ams_max": 3.8708423235589, "test_time_no_tta": 38.684716076997574, "test_public_ams_mean_no_tta": [3.758989177701763, 0.07208566960240928], "test_private_ams_mean_no_tta": [3.750221308551437, 0.04171637019906852], "test_public_ams_no_tta": 3.7418676627199425, "test_private_ams_no_tta": 3.745464916901302, "test_time": 312.6553731880049, "test_public_ams_mean": [3.753561304849778, 0.07763945937018926], "test_private_ams_mean": [3.747357816994674, 0.044349909002248375], "test_public_ams": 3.7330880190688625, "test_private_ams": 3.7417102825913426}}