{"exp_name": "14_swish_ensemble_embed_aug_sse", "machine": "icarus", "results": {"train_time": 3607.5124530754983, "val_time": 21.733993154019117, "val_ams_smooth": 3.9069211252854763, "val_ams_max": 3.9870747570295566, "val_time_no_tta": 2.2023323513567448, "val_ams_smooth_no_tta": 3.9152927112777425, "val_ams_max_no_tta": 3.975050175223439, "test_time_no_tta": 42.938438296318054, "test_public_ams_mean_no_tta": [3.8194576230623687, 0.09128667721113638], "test_private_ams_mean_no_tta": [3.7859375629085186, 0.054968755625914946], "test_public_ams_no_tta": 3.7912618577117043, "test_private_ams_no_tta": 3.780383280941824, "test_time": 323.6948760226369, "test_public_ams_mean": [3.8394395432216735, 0.08039534301604657], "test_private_ams_mean": [3.7977170855642752, 0.05483013377845527], "test_public_ams": 3.8197704844750677, "test_private_ams": 3.792088795717242}}