{"exp_name": "14_swish_ensemble_embed_aug_sse", "machine": "daedalus", "results": {"train_time": 2770.142196226865, "val_time_no_tta": 2.2352760285139084, "val_ams_smooth_no_tta": 3.728572056048542, "val_ams_max_no_tta": 3.987149400215219, "val_time": 19.741841942071915, "val_ams_smooth": 3.7224062900114987, "val_ams_max": 4.0025946464858055, "test_time_no_tta": 34.03993198275566, "test_public_ams_mean_no_tta": [3.866496669601543, 0.11745622195919556], "test_private_ams_mean_no_tta": [3.7772244002660473, 0.041678039597823166], "test_public_ams_no_tta": 3.830195955541943, "test_private_ams_no_tta": 3.7715244896807483, "test_time": 275.0703974328935, "test_public_ams_mean": [3.8505077418093676, 0.11326413805217483], "test_private_ams_mean": [3.771658494155276, 0.04205031462221819], "test_public_ams": 3.8176269398275293, "test_private_ams": 3.765757114668862}}