{"exp_name": "14_swish_ensemble_embed_aug_sse", "machine": "helios_cuda", "results": {"train_time": 1340.3646095469994, "val_time_no_tta": 0.3125324139982695, "val_ams_smooth_no_tta": 3.7501753024937834, "val_ams_max_no_tta": 3.7904089035677537, "val_time": 5.497545831000025, "val_ams_smooth": 3.7225502503797046, "val_ams_max": 3.7923554764838183, "test_time_no_tta": 1.7288183470009244, "test_public_ams_mean_no_tta": [3.7768773713344475, 0.11685114189670895], "test_private_ams_mean_no_tta": [3.7654666848200335, 0.03619659600515998], "test_public_ams_no_tta": 3.749257512971923, "test_private_ams_no_tta": 3.7614288264028266, "test_time": 25.448264331000246, "test_public_ams_mean": [3.774584981538948, 0.11336246150450845], "test_private_ams_mean": [3.772553970770511, 0.03922064832536454], "test_public_ams": 3.7479821946999134, "test_private_ams": 3.7684022880093133}}