{"exp_name": "14_swish_ensemble_embed_aug_sse", "machine": "helios_cpu", "results": {"train_time": 1658.0460404290025, "val_time_no_tta": 2.171913031001168, "val_ams_smooth_no_tta": 3.8098379662723825, "val_ams_max_no_tta": 3.8688140416010706, "val_time": 19.797055982002348, "val_ams_smooth": 3.8176574453427965, "val_ams_max": 3.885003113613264, "test_time_no_tta": 37.59954557200035, "test_public_ams_mean_no_tta": [3.7892121539474948, 0.11347957428368703], "test_private_ams_mean_no_tta": [3.778395606681454, 0.04113109625751748], "test_public_ams_no_tta": 3.7552847551263193, "test_private_ams_no_tta": 3.773330869673662, "test_time": 317.5911778000009, "test_public_ams_mean": [3.789939290561596, 0.11269930630332359], "test_private_ams_mean": [3.7552442414755673, 0.033131121254036715], "test_public_ams": 3.75662459902632, "test_private_ams": 3.752134343630199}}