{"exp_name": "14_swish_ensemble_embed_aug_sse", "machine": "morpheus", "results": {"train_time": 3228.726092852652, "val_time_no_tta": 4.063446883112192, "val_ams_smooth_no_tta": 4.057185456407486, "val_ams_max_no_tta": 4.129304631446208, "val_time": 34.47793332114816, "val_ams_smooth": 4.068886905569237, "val_ams_max": 4.14427338276848, "test_time_no_tta": 71.62845735996962, "test_public_ams_mean_no_tta": [3.841449983282682, 0.11310983722239513], "test_private_ams_mean_no_tta": [3.794125665578304, 0.03250221038249682], "test_public_ams_no_tta": 3.8068061634557053, "test_private_ams_no_tta": 3.7899305542356565, "test_time": 535.7932204380631, "test_public_ams_mean": [3.8565060407068033, 0.10765306218456665], "test_private_ams_mean": [3.785323585942321, 0.029345028894839247], "test_public_ams": 3.8241127591908652, "test_private_ams": 3.7804358982314605}}