{"exp_name": "15_swish_ensemble_embed_aug_fge", "machine": "helios_cuda", "results": {"train_time": 933.6281883590001, "val_time_no_tta": 0.6711971729998822, "val_ams_smooth_no_tta": 3.8161320150252673, "val_ams_max_no_tta": 3.8736062785786065, "val_time": 8.249176231000092, "val_ams_smooth": 3.7906175157958764, "val_ams_max": 3.87120147767134, "test_time_no_tta": 4.0796203899999455, "test_public_ams_mean_no_tta": [3.780381806024299, 0.08891178434939455], "test_private_ams_mean_no_tta": [3.74829282254123, 0.023125832878145874], "test_public_ams_no_tta": 3.750887949376002, "test_private_ams_no_tta": 3.7466018495366327, "test_time": 44.13149774700014, "test_public_ams_mean": [3.7944851342340096, 0.09593886139631623], "test_private_ams_mean": [3.757999461237298, 0.02498209713359244], "test_public_ams": 3.7633449430009307, "test_private_ams": 3.756609284149299}}