{"exp_name": "15_swish_ensemble_embed_aug_fge", "machine": "daedalus", "results": {"train_time": 2317.6207569353282, "val_time_no_tta": 6.112254202365875, "val_ams_smooth_no_tta": 3.8090383988172567, "val_ams_max_no_tta": 4.002328006911866, "val_time": 48.17277617380023, "val_ams_smooth": 3.815843436892095, "val_ams_max": 3.9713460426804037, "test_time_no_tta": 109.23147673532367, "test_public_ams_mean_no_tta": [3.791926782807831, 0.0904461117309791], "test_private_ams_mean_no_tta": [3.787485372424027, 0.03442831846392804], "test_public_ams_no_tta": 3.7737319822085005, "test_private_ams_no_tta": 3.783026372319115, "test_time": 910.6846896372736, "test_public_ams_mean": [3.8399562390936026, 0.08569832509085568], "test_private_ams_mean": [3.7868562869003717, 0.026760978200773108], "test_public_ams": 3.8234908719032443, "test_private_ams": 3.7844032569887025}}