{"exp_name": "15_swish_ensemble_embed_aug_fge", "machine": "mbp", "results": {"train_time": 1695.9010073329991, "val_time_no_tta": 9.14037665000069, "val_ams_smooth_no_tta": 3.8529161234787392, "val_ams_max_no_tta": 3.878269648644502, "val_time": 75.38497266200284, "val_ams_smooth": 3.846359822900687, "val_ams_max": 3.882309383531243, "test_time_no_tta": 114.25910611199652, "test_public_ams_mean_no_tta": [3.747163604259113, 0.09181689228249083], "test_private_ams_mean_no_tta": [3.7335362146871285, 0.034864092947469234], "test_public_ams_no_tta": 3.7320366091613506, "test_private_ams_no_tta": 3.728886713820777, "test_time": 925.2063428580004, "test_public_ams_mean": [3.736276458146502, 0.09217443371223065], "test_private_ams_mean": [3.7362264770685294, 0.035726099902456954], "test_public_ams": 3.719864463108284, "test_private_ams": 3.731355317569434}}