{"exp_name": "15_swish_ensemble_embed_aug_fge", "machine": "morpheus", "results": {"train_time": 2205.9688397161663, "val_time_no_tta": 9.839756060391665, "val_ams_smooth_no_tta": 4.015988059365554, "val_ams_max_no_tta": 4.160555246989455, "val_time": 78.1474175453186, "val_ams_smooth": 4.06888549785266, "val_ams_max": 4.150378932282437, "test_time_no_tta": 182.5331833064556, "test_public_ams_mean_no_tta": [3.816056742073414, 0.10326358069405592], "test_private_ams_mean_no_tta": [3.7752011838000863, 0.03565732637563303], "test_public_ams_no_tta": 3.7830166551652993, "test_private_ams_no_tta": 3.770722918475421, "test_time": 1355.4639082811773, "test_public_ams_mean": [3.851790199887927, 0.10887438350739231], "test_private_ams_mean": [3.7798215997209126, 0.037437128099008524], "test_public_ams": 3.814818867094739, "test_private_ams": 3.7752746385813}}