{"exp_name": "15_swish_ensemble_embed_aug_fge", "machine": "icarus", "results": {"train_time": 3121.2426096983254, "val_time_no_tta": 6.090306427329779, "val_ams_smooth_no_tta": 3.938090279344173, "val_ams_max_no_tta": 3.9854267145158064, "val_time": 51.055830873548985, "val_ams_smooth": 3.9338547698171835, "val_ams_max": 4.051284499827496, "test_time_no_tta": 129.39450334012508, "test_public_ams_mean_no_tta": [3.8492308939633224, 0.07402445137688783], "test_private_ams_mean_no_tta": [3.7891182286697513, 0.05499719012303131], "test_public_ams_no_tta": 3.834863971324231, "test_private_ams_no_tta": 3.779240197864962, "test_time": 988.4607479795814, "test_public_ams_mean": [3.829630232128184, 0.07680517308259666], "test_private_ams_mean": [3.7995751842828818, 0.05516951928359896], "test_public_ams": 3.8148138103428266, "test_private_ams": 3.789915611757648}}