{"exp_name": "15_swish_ensemble_embed_aug_fge", "machine": "helios_cpu", "results": {"train_time": 1307.829086329, "val_time_no_tta": 5.731774509999923, "val_ams_smooth_no_tta": 3.69339780874934, "val_ams_max_no_tta": 3.718778297145001, "val_time": 49.65925015599987, "val_ams_smooth": 3.7233469630583724, "val_ams_max": 3.7492904130316136, "test_time_no_tta": 116.14579982099986, "test_public_ams_mean_no_tta": [3.7748814480492308, 0.10203484202805771], "test_private_ams_mean_no_tta": [3.7640460976976073, 0.04135547694257748], "test_public_ams_no_tta": 3.7474481501659866, "test_private_ams_no_tta": 3.7609258736125626, "test_time": 871.0913150279998, "test_public_ams_mean": [3.766372161789569, 0.10304460646611296], "test_private_ams_mean": [3.77355855312547, 0.043361074112912346], "test_public_ams": 3.7386868148160777, "test_private_ams": 3.770010069145876}}