{"exp_name": "18_swish_ensemble_embed_aug_onecycle", "machine": "helios_cpu", "results": {"train_time": 720.4532002700003, "val_time_no_tta": 0.7194730829996843, "val_ams_smooth_no_tta": 3.821582477857335, "val_ams_max_no_tta": 3.8649346422261712, "val_time": 8.706540749999931, "val_ams_smooth": 3.8277658211283114, "val_ams_max": 3.903085416374393, "test_time_no_tta": 11.420839560000331, "test_public_ams_mean_no_tta": [3.8494374206874453, 0.1286221108610849], "test_private_ams_mean_no_tta": [3.7847215880885066, 0.054770018146062915], "test_public_ams_no_tta": 3.794879122774806, "test_private_ams_no_tta": 3.7795131219749125, "test_time": 103.87103197000033, "test_public_ams_mean": [3.819568185547754, 0.10885331030564496], "test_private_ams_mean": [3.800619171583849, 0.05673961844660489], "test_public_ams": 3.7784981045388246, "test_private_ams": 3.795280451894614}}