{"exp_name": "18_swish_ensemble_embed_aug_onecycle", "machine": "daedalus", "results": {"train_time": 1266.066259201616, "val_time_no_tta": 0.8461641781032085, "val_ams_smooth_no_tta": 3.7727674084857648, "val_ams_max_no_tta": 3.9317180571351953, "val_time": 10.814892504364252, "val_ams_smooth": 3.8215754926394263, "val_ams_max": 4.026410230737577, "test_time_no_tta": 14.085118416696787, "test_public_ams_mean_no_tta": [3.8086835991703447, 0.07009421365366636], "test_private_ams_mean_no_tta": [3.788108963330056, 0.04329644168455381], "test_public_ams_no_tta": 3.7938047773472037, "test_private_ams_no_tta": 3.7823789581808, "test_time": 128.20514097064734, "test_public_ams_mean": [3.8109662338327497, 0.07088979588257446], "test_private_ams_mean": [3.802693745386384, 0.04684257977854253], "test_public_ams": 3.7958511321018107, "test_private_ams": 3.796470819097385}}