{"exp_name": "18_swish_ensemble_embed_aug_onecycle", "machine": "helios_cuda", "results": {"train_time": 547.5865326750002, "val_time_no_tta": 0.12196836999964944, "val_ams_smooth_no_tta": 3.6446342224594366, "val_ams_max_no_tta": 3.912335639295305, "val_time": 4.1197253340001225, "val_ams_smooth": 3.6796751031965873, "val_ams_max": 4.273870484779113, "test_time_no_tta": 0.5605142409999644, "test_public_ams_mean_no_tta": [3.767798912065998, 0.05990965089802486], "test_private_ams_mean_no_tta": [3.7956343822461434, 0.03935500398924224], "test_public_ams_no_tta": 3.757454505932687, "test_private_ams_no_tta": 3.788342842014284, "test_time": 16.546964823000053, "test_public_ams_mean": [3.7691303300103094, 0.05083134377339779], "test_private_ams_mean": [3.7914366106515254, 0.03693880193860523], "test_public_ams": 3.7608216807281014, "test_private_ams": 3.784760895169251}}