{"exp_name": "18_swish_ensemble_embed_aug_onecycle", "machine": "morpheus", "results": {"train_time": 1349.290034815669, "val_time_no_tta": 1.2346289120614529, "val_ams_smooth_no_tta": 4.047509893789971, "val_ams_max_no_tta": 4.165553856833101, "val_time": 14.90944303944707, "val_ams_smooth": 4.005733608590671, "val_ams_max": 4.153813093449113, "test_time_no_tta": 20.596953347325325, "test_public_ams_mean_no_tta": [3.793814571216937, 0.15714393337034768], "test_private_ams_mean_no_tta": [3.815838832320729, 0.03496868948519776], "test_public_ams_no_tta": 3.7434664342576602, "test_private_ams_no_tta": 3.813459002592386, "test_time": 172.0441597290337, "test_public_ams_mean": [3.831700218543065, 0.16487990686441464], "test_private_ams_mean": [3.8056479055888075, 0.03734965161990257], "test_public_ams": 3.775296702014125, "test_private_ams": 3.802838221093663}}