{"exp_name": "18_swish_ensemble_embed_aug_onecycle", "machine": "icarus", "results": {"train_time": 1571.6374738365412, "val_time_no_tta": 0.8439833112061024, "val_ams_smooth_no_tta": 3.920413819153314, "val_ams_max_no_tta": 3.9830272239756046, "val_time": 11.83412354439497, "val_ams_smooth": 3.915542773903995, "val_ams_max": 3.994637835002097, "test_time_no_tta": 13.663866613060236, "test_public_ams_mean_no_tta": [3.8811358314889937, 0.120673409878313], "test_private_ams_mean_no_tta": [3.8019862481932245, 0.050068250170701795], "test_public_ams_no_tta": 3.8459670429867927, "test_private_ams_no_tta": 3.7937381752072907, "test_time": 111.53542909398675, "test_public_ams_mean": [3.8970884177976353, 0.12455199369556107], "test_private_ams_mean": [3.8079114579040114, 0.0533377316712507], "test_public_ams": 3.8606834262722414, "test_private_ams": 3.799101256206066}}