{"exp_name": "18_swish_ensemble_embed_aug_onecycle", "machine": "mbp", "results": {"train_time": 1022.304935274, "val_time_no_tta": 1.113117647999843, "val_ams_smooth_no_tta": 3.877681818899486, "val_ams_max_no_tta": 3.8898212114779738, "val_time": 13.182792342999846, "val_ams_smooth": 3.850569459999172, "val_ams_max": 3.8845268157969866, "test_time_no_tta": 13.763125534999972, "test_public_ams_mean_no_tta": [3.759619390711278, 0.08054681483394016], "test_private_ams_mean_no_tta": [3.7577371590140523, 0.04067610135675177], "test_public_ams_no_tta": 3.7446870527985197, "test_private_ams_no_tta": 3.7528232710280487, "test_time": 124.83052767100003, "test_public_ams_mean": [3.7613664241552724, 0.07885765721520333], "test_private_ams_mean": [3.7552130572064386, 0.039061507477667415], "test_public_ams": 3.7475441743117694, "test_private_ams": 3.7509322702210484}}