{"exp_name": "1_relu_ensemble", "machine": "helios_cuda", "results": {"train_time": 320.3103129170013, "val_time": 0.10740485700080171, "val_ams_smooth": 3.531975295635445, "val_ams_max": 3.5889788287852133, "test_time": 0.4649692800012417, "test_public_ams_mean": [3.666737180730361, 0.10235405674086655], "test_private_ams_mean": [3.64101990179827, 0.02425331822602814], "test_public_ams": 3.64356308937255, "test_private_ams": 3.638292198929319}}