{"exp_name": "1_relu_ensemble", "machine": "mbp", "results": {"train_time": 593.8020349819999, "val_time": 0.6899246399989352, "val_ams_smooth": 3.571027876183942, "val_ams_max": 3.5993703731113786, "test_time": 8.15009481800007, "test_public_ams_mean": [3.6331838636032003, 0.09815111444978021], "test_private_ams_mean": [3.6385457964234695, 0.02947343904914305], "test_public_ams": 3.616140131636395, "test_private_ams": 3.636812982829372}}