{"exp_name": "1_relu_ensemble", "machine": "icarus", "results": {"train_time": 1080.2849537692964, "val_time": 0.6148808784782887, "val_ams_smooth": 3.5818448015615596, "val_ams_max": 3.7007120468224386, "test_time": 9.422980658710003, "test_public_ams_mean": [3.6783781847258483, 0.05138161322680298], "test_private_ams_mean": [3.643239336735771, 0.03667166126506888], "test_public_ams": 3.6753270881876077, "test_private_ams": 3.6394312954876264}}