{"exp_name": "1_relu_ensemble", "machine": "morpheus", "results": {"train_time": 825.025685057044, "val_time": 0.8965716697275639, "val_ams_smooth": 3.6969483265116705, "val_ams_max": 3.719614570909314, "test_time": 14.14342576265335, "test_public_ams_mean": [3.674739640397285, 0.056639901999060396], "test_private_ams_mean": [3.61442056744294, 0.05264063073500678], "test_public_ams": 3.6704088512449284, "test_private_ams": 3.6085432465319265}}