{"exp_name": "1_relu_ensemble", "machine": "daedalus", "results": {"train_time": 778.9936319626868, "val_time": 0.6950928680598736, "val_ams_smooth": 3.803127579528843, "val_ams_max": 3.903050725887692, "test_time": 8.195984236896038, "test_public_ams_mean": [3.652505803870281, 0.09144354826824413], "test_private_ams_mean": [3.6633509626665672, 0.035087696013221606], "test_public_ams": 3.6273548665812685, "test_private_ams": 3.658597801603378}}