{"exp_name": "1_relu_ensemble", "machine": "helios_cpu", "results": {"train_time": 423.51287222799874, "val_time": 0.5279464089981047, "val_ams_smooth": 3.659157681565121, "val_ams_max": 3.7154621740549785, "test_time": 7.223349287996825, "test_public_ams_mean": [3.6768159239936864, 0.08455618226143002], "test_private_ams_mean": [3.6439351306775962, 0.05158134360857906], "test_public_ams": 3.6591320885015235, "test_private_ams": 3.6383254024519256}}