{"exp_name": "28_swish_ensemble_embed_aug_onecycle_dense", "machine": "daedalus", "results": {"train_time": 1334.9463673429564, "val_time_no_tta": 1.0768905282020569, "val_ams_smooth_no_tta": 3.836832807425159, "val_ams_max_no_tta": 3.9095964536760057, "val_time": 11.8998530684039, "val_ams_smooth": 3.8933521938888327, "val_ams_max": 3.943071594826515, "test_time_no_tta": 8.779750125482678, "test_public_ams_mean_no_tta": [3.820595402534285, 0.06287583920315552], "test_private_ams_mean_no_tta": [3.7960100375476906, 0.040994876778023416], "test_public_ams_no_tta": 3.8024283426454155, "test_private_ams_no_tta": 3.7923653254295684, "test_time": 83.3605373268947, "test_public_ams_mean": [3.7904695303779334, 0.06877443332532406], "test_private_ams_mean": [3.8184761647486654, 0.03548068561406158], "test_public_ams": 3.7699704044665134, "test_private_ams": 3.815891838555095}}