{"exp_name": "28_swish_ensemble_embed_aug_onecycle_dense", "machine": "mbp", "results": {"train_time": 1076.6543260019998, "val_time_no_tta": 1.667773704000865, "val_ams_smooth_no_tta": 3.798530594014686, "val_ams_max_no_tta": 3.860540956630747, "val_time": 16.23148224400029, "val_ams_smooth": 3.8446862781710127, "val_ams_max": 3.8663928828570775, "test_time_no_tta": 18.62745519500004, "test_public_ams_mean_no_tta": [3.7666606791125146, 0.09082161907036446], "test_private_ams_mean_no_tta": [3.776903417587449, 0.03769182614860316], "test_public_ams_no_tta": 3.7485454177072453, "test_private_ams_no_tta": 3.7717363514964997, "test_time": 154.81463638500009, "test_public_ams_mean": [3.779325526701726, 0.09446179977337078], "test_private_ams_mean": [3.790078931142632, 0.03577603454407173], "test_public_ams": 3.7597015888253282, "test_private_ams": 3.785314795545349}}