{"exp_name": "28_swish_ensemble_embed_aug_onecycle_dense_check", "machine": "mbp", "results": {"train_time": 1226.3559819409984, "val_time_no_tta": 1.6592778640006145, "val_ams_smooth_no_tta": 3.80199725051124, "val_ams_max_no_tta": 3.8628871194962144, "val_time": 17.98510047899981, "val_ams_smooth": 3.7812587034572585, "val_ams_max": 3.861554128883249, "test_time_no_tta": 19.95652221799901, "test_public_ams_mean_no_tta": [3.827930879245497, 0.084910754630715], "test_private_ams_mean_no_tta": [3.7575908064631385, 0.03623775004217694], "test_public_ams_no_tta": 3.8046990593370142, "test_private_ams_no_tta": 3.754249982155609, "test_time": 180.81430900099986, "test_public_ams_mean": [3.8218611385856036, 0.09523498637639415], "test_private_ams_mean": [3.803015695012968, 0.04006604856350711], "test_public_ams": 3.790070636613799, "test_private_ams": 3.799837253258944}}