{"exp_name": "28_swish_ensemble_embed_aug_onecycle_dense", "machine": "icarus", "results": {"train_time": 1716.2700236067176, "val_time_no_tta": 0.9169970154762268, "val_ams_smooth_no_tta": 3.973396686167162, "val_ams_max_no_tta": 4.02062853635351, "val_time": 12.936415426433086, "val_ams_smooth": 3.9732306584689745, "val_ams_max": 3.994074072059229, "test_time_no_tta": 12.995064474642277, "test_public_ams_mean_no_tta": [3.8581478232228528, 0.12283821033698193], "test_private_ams_mean_no_tta": [3.7920808831692128, 0.029435110348006825], "test_public_ams_no_tta": 3.8152098478450824, "test_private_ams_no_tta": 3.790005350733076, "test_time": 108.80285193771124, "test_public_ams_mean": [3.8769769305714403, 0.11628370351892531], "test_private_ams_mean": [3.7936726752944323, 0.02516472147855621], "test_public_ams": 3.839541087267861, "test_private_ams": 3.7922788584100946}}