{"exp_name": "28_swish_ensemble_embed_aug_onecycle_dense_check", "machine": "icarus", "results": {"train_time": 1682.8561300262809, "val_time_no_tta": 0.9032494276762009, "val_ams_smooth_no_tta": 4.016472912536291, "val_ams_max_no_tta": 4.029492126955194, "val_time": 13.516979619860649, "val_ams_smooth": 3.9574526971427715, "val_ams_max": 4.0305256477396485, "test_time_no_tta": 9.903245950117707, "test_public_ams_mean_no_tta": [3.8915002991806347, 0.1120926333784141], "test_private_ams_mean_no_tta": [3.7947187706244234, 0.053159318288357835], "test_public_ams_no_tta": 3.8626949940877724, "test_private_ams_no_tta": 3.7904884054840307, "test_time": 97.3614007011056, "test_public_ams_mean": [3.869624503988504, 0.09914091397820671], "test_private_ams_mean": [3.8038450856209978, 0.0526246205687605], "test_public_ams": 3.845172886544015, "test_private_ams": 3.7995641361635935}}