{"exp_name": "28_swish_ensemble_embed_aug_onecycle_dense_check", "machine": "daedalus", "results": {"train_time": 1357.865495685488, "val_time_no_tta": 1.0658413581550121, "val_ams_smooth_no_tta": 3.8878171766381486, "val_ams_max_no_tta": 3.940535818739479, "val_time": 13.42534232698381, "val_ams_smooth": 3.876795132589814, "val_ams_max": 3.9490149004983275, "test_time_no_tta": 8.588730424642563, "test_public_ams_mean_no_tta": [3.772774281993486, 0.10677373562276866], "test_private_ams_mean_no_tta": [3.8146710768870946, 0.04347785155201332], "test_public_ams_no_tta": 3.7393622523663703, "test_private_ams_no_tta": 3.8099807659568623, "test_time": 93.07279792055488, "test_public_ams_mean": [3.798351724724494, 0.10329250396550962], "test_private_ams_mean": [3.8279665297131933, 0.03811392444772018], "test_public_ams": 3.7698268170544185, "test_private_ams": 3.8243069720858758}}