{"exp_name": "28_swish_ensemble_embed_aug_onecycle_dense", "machine": "helios_cpu", "results": {"train_time": 773.8605283829984, "val_time_no_tta": 0.8577028159998008, "val_ams_smooth_no_tta": 3.851733303862595, "val_ams_max_no_tta": 3.908549373460112, "val_time": 10.221903548999762, "val_ams_smooth": 3.8542506505840635, "val_ams_max": 3.890772780406303, "test_time_no_tta": 13.60719560400139, "test_public_ams_mean_no_tta": [3.817510655235845, 0.09407715983526675], "test_private_ams_mean_no_tta": [3.7912914397295596, 0.02999062871479717], "test_public_ams_no_tta": 3.7931187446589134, "test_private_ams_no_tta": 3.788223215157106, "test_time": 110.70511864100081, "test_public_ams_mean": [3.8529827746258944, 0.10140785635001798], "test_private_ams_mean": [3.809694622592951, 0.033895735506531986], "test_public_ams": 3.824062019158209, "test_private_ams": 3.806145684252031}}