{"exp_name": "28_swish_ensemble_embed_aug_onecycle_dense_check", "machine": "helios_cpu", "results": {"train_time": 710.3735405089992, "val_time_no_tta": 0.35955561099945044, "val_ams_smooth_no_tta": 3.8285902432926457, "val_ams_max_no_tta": 3.9242442654661183, "val_time": 5.90357185799985, "val_ams_smooth": 3.802939912199553, "val_ams_max": 3.903897718424937, "test_time_no_tta": 4.851296905000709, "test_public_ams_mean_no_tta": [3.8145765567451386, 0.08923026722534014], "test_private_ams_mean_no_tta": [3.8066792330478654, 0.04258310935542543], "test_public_ams_no_tta": 3.791615392539127, "test_private_ams_no_tta": 3.801645323249873, "test_time": 52.28626628100028, "test_public_ams_mean": [3.8307451591066988, 0.08177707684919817], "test_private_ams_mean": [3.804517981381548, 0.041020620511737764], "test_public_ams": 3.8113491702677984, "test_private_ams": 3.8001990972680724}}