{"exp_name": "28_swish_ensemble_embed_aug_onecycle_dense", "machine": "helios_cuda", "results": {"train_time": 668.9149720979995, "val_time_no_tta": 0.1380136739999216, "val_ams_smooth_no_tta": 3.681522282941782, "val_ams_max_no_tta": 3.735235984591917, "val_time": 4.430980633999752, "val_ams_smooth": 3.718876347368283, "val_ams_max": 3.865302911057075, "test_time_no_tta": 0.6084406139998464, "test_public_ams_mean_no_tta": [3.822013107473552, 0.07075265363481312], "test_private_ams_mean_no_tta": [3.7930612545733653, 0.04568819744651398], "test_public_ams_no_tta": 3.811730484450745, "test_private_ams_no_tta": 3.7865832541936024, "test_time": 16.97086323199983, "test_public_ams_mean": [3.835661352792769, 0.06251039562961397], "test_private_ams_mean": [3.8196860483039927, 0.041866090004528365], "test_public_ams": 3.8279845253639198, "test_private_ams": 3.815017352164564}}