{"exp_name": "28_swish_ensemble_embed_aug_onecycle_dense", "machine": "morpheus", "results": {"train_time": 1374.4718355601653, "val_time_no_tta": 1.4468396278098226, "val_ams_smooth_no_tta": 4.024574396919143, "val_ams_max_no_tta": 4.199787061158428, "val_time": 16.10929448250681, "val_ams_smooth": 4.070627062365542, "val_ams_max": 4.149748051415698, "test_time_no_tta": 16.365401726216078, "test_public_ams_mean_no_tta": [3.800950421410403, 0.12447505904034606], "test_private_ams_mean_no_tta": [3.811156136508481, 0.043835103716971344], "test_public_ams_no_tta": 3.7636277309896533, "test_private_ams_no_tta": 3.80700673315159, "test_time": 135.7366089792922, "test_public_ams_mean": [3.8030077534344224, 0.10624894760064833], "test_private_ams_mean": [3.8100951548964717, 0.04521397878110374], "test_public_ams": 3.7742115655146247, "test_private_ams": 3.8057841227815574}}