{"exp_name": "28_swish_ensemble_embed_aug_onecycle_dense_check", "machine": "helios_cuda", "results": {"train_time": 669.3704012790004, "val_time_no_tta": 0.13515209199977107, "val_ams_smooth_no_tta": 3.680122927191036, "val_ams_max_no_tta": 3.821665610419071, "val_time": 4.113592718998916, "val_ams_smooth": 3.7146654682636067, "val_ams_max": 3.9765073846584618, "test_time_no_tta": 0.5413213049996557, "test_public_ams_mean_no_tta": [3.8082970078893723, 0.09371516301426476], "test_private_ams_mean_no_tta": [3.7894627590974372, 0.03884725611452118], "test_public_ams_no_tta": 3.7844351472268984, "test_private_ams_no_tta": 3.786136436881192, "test_time": 18.58104137800001, "test_public_ams_mean": [3.838770947784371, 0.0834871419964379], "test_private_ams_mean": [3.807175804183791, 0.03659828762001378], "test_public_ams": 3.818228353507453, "test_private_ams": 3.8043701378470933}}