{"exp_name": "29_swish_ensemble_embed_aug_onecycle_dense_split", "machine": "icarus", "results": {"train_time": 1761.29407735914, "val_time_no_tta": 0.8176432251930237, "val_ams_smooth_no_tta": 3.755636455007187, "val_ams_max_no_tta": 3.8382151264035285, "val_time": 11.822383515536785, "val_ams_smooth": 3.7515212954139527, "val_ams_max": 3.8111544134235973, "test_time_no_tta": 10.204731591045856, "test_public_ams_mean_no_tta": [3.601127274532846, 0.0999301701897388], "test_private_ams_mean_no_tta": [3.577315972220467, 0.04584052836221619], "test_public_ams_no_tta": 3.5788527733434408, "test_private_ams_no_tta": 3.570380795373058, "test_time": 87.73539594560862, "test_public_ams_mean": [3.5960539228427075, 0.09032519589381581], "test_private_ams_mean": [3.5971669710702288, 0.047108824463437414], "test_public_ams": 3.5772438955013146, "test_private_ams": 3.590412456084303}}