{"exp_name": "29_swish_ensemble_embed_aug_onecycle_dense_split", "machine": "mbp", "results": {"train_time": 1053.6034661179992, "val_time_no_tta": 1.5591062040002726, "val_ams_smooth_no_tta": 3.6831196272557025, "val_ams_max_no_tta": 3.7208620899411446, "val_time": 16.28553424800066, "val_ams_smooth": 3.701441474157986, "val_ams_max": 3.7374743866354985, "test_time_no_tta": 19.13917879699966, "test_public_ams_mean_no_tta": [3.594842769848026, 0.08898455667430372], "test_private_ams_mean_no_tta": [3.5759341412151366, 0.04685124435743382], "test_public_ams_no_tta": 3.574132832834093, "test_private_ams_no_tta": 3.570169494211434, "test_time": 157.1310017199994, "test_public_ams_mean": [3.587596569985436, 0.08384131245609358], "test_private_ams_mean": [3.5794393569721388, 0.04871932354458009], "test_public_ams": 3.5698988158521914, "test_private_ams": 3.5730960724750234}}