{"exp_name": "29_swish_ensemble_embed_aug_onecycle_dense_split", "machine": "daedalus", "results": {"train_time": 1397.4523306926712, "val_time_no_tta": 1.0134726027026772, "val_ams_smooth_no_tta": 3.593854920581159, "val_ams_max_no_tta": 3.629180038400324, "val_time": 11.411848264746368, "val_ams_smooth": 3.5864681988775535, "val_ams_max": 3.639451418565084, "test_time_no_tta": 8.046161761507392, "test_public_ams_mean_no_tta": [3.574891270183025, 0.09133913684981727], "test_private_ams_mean_no_tta": [3.5508305363971155, 0.042972354434157936], "test_public_ams_no_tta": 3.549554428925971, "test_private_ams_no_tta": 3.546615292839515, "test_time": 74.98846290819347, "test_public_ams_mean": [3.5743369349393497, 0.0934550884561916], "test_private_ams_mean": [3.568732498449221, 0.04406192154535336], "test_public_ams": 3.547751989925294, "test_private_ams": 3.564492601899761}}