{"exp_name": "29_swish_ensemble_embed_aug_onecycle_dense_split", "machine": "helios_cpu", "results": {"train_time": 765.7443097990003, "val_time_no_tta": 0.8154293890002009, "val_ams_smooth_no_tta": 3.6395659880912583, "val_ams_max_no_tta": 3.6948150577300685, "val_time": 9.42261038200013, "val_ams_smooth": 3.697014169052506, "val_ams_max": 3.7077044177200476, "test_time_no_tta": 10.986477577999722, "test_public_ams_mean_no_tta": [3.609265632147803, 0.11350007552032257], "test_private_ams_mean_no_tta": [3.550430624461338, 0.021095517493764173], "test_public_ams_no_tta": 3.5719343207155116, "test_private_ams_no_tta": 3.5494511676834817, "test_time": 90.7469076729999, "test_public_ams_mean": [3.613780414041185, 0.111746773485778], "test_private_ams_mean": [3.559366192361034, 0.026458904570149076], "test_public_ams": 3.5784278287310043, "test_private_ams": 3.5577076677991046}}