{"exp_name": "29_swish_ensemble_embed_aug_onecycle_dense_split", "machine": "helios_cuda", "results": {"train_time": 752.099297273, "val_time_no_tta": 0.18000780200009103, "val_ams_smooth_no_tta": 3.390205524174918, "val_ams_max_no_tta": 3.4444187770725065, "val_time": 4.590399506999802, "val_ams_smooth": 3.3901298007279683, "val_ams_max": 3.4368393003061355, "test_time_no_tta": 0.481238360000134, "test_public_ams_mean_no_tta": [3.627442635914156, 0.04740391652601652], "test_private_ams_mean_no_tta": [3.5736812642549367, 0.021326288619917692], "test_public_ams_no_tta": 3.622849714376392, "test_private_ams_no_tta": 3.5720341288079247, "test_time": 16.391259310999885, "test_public_ams_mean": [3.6054020312389787, 0.05378190782099365], "test_private_ams_mean": [3.5743275495083395, 0.02084920003032253], "test_public_ams": 3.5989775596438958, "test_private_ams": 3.572112961000211}}