{"exp_name": "29_swish_ensemble_embed_aug_onecycle_dense_split", "machine": "morpheus", "results": {"train_time": 1369.6323183849454, "val_time_no_tta": 1.176948050968349, "val_ams_smooth_no_tta": 3.6608478351929032, "val_ams_max_no_tta": 3.7772426294783767, "val_time": 14.282221325673163, "val_ams_smooth": 3.7266494380471507, "val_ams_max": 3.8160577759260375, "test_time_no_tta": 12.152439087629318, "test_public_ams_mean_no_tta": [3.5882932796045766, 0.06839077081795925], "test_private_ams_mean_no_tta": [3.5666830942528898, 0.025244065830018664], "test_public_ams_no_tta": 3.5735174212659735, "test_private_ams_no_tta": 3.5632407106348376, "test_time": 112.73063417617232, "test_public_ams_mean": [3.5974119562259603, 0.07069208556298354], "test_private_ams_mean": [3.580700964968945, 0.026861510870765454], "test_public_ams": 3.5828119590687395, "test_private_ams": 3.5768381505943534}}