{"exp_name": "30_swish_ensemble_embed_aug_onecycle_dense_split_bottleneck", "machine": "morpheus", "results": {"train_time": 1520.7957883337513, "val_time_no_tta": 1.4487909795716405, "val_ams_smooth_no_tta": 3.8255175359587636, "val_ams_max_no_tta": 3.8562201259999864, "val_time": 16.505559476092458, "val_ams_smooth": 3.81220683771492, "val_ams_max": 3.8836465087944583, "test_time_no_tta": 14.587382912635803, "test_public_ams_mean_no_tta": [3.646349202190941, 0.08099191893044347], "test_private_ams_mean_no_tta": [3.64453177182664, 0.044934375451303674], "test_public_ams_no_tta": 3.6254960779025134, "test_private_ams_no_tta": 3.6396501027048433, "test_time": 122.42532790452242, "test_public_ams_mean": [3.628694374614777, 0.08435490632784871], "test_private_ams_mean": [3.642497787325754, 0.04637888376898899], "test_public_ams": 3.6061408574514977, "test_private_ams": 3.637716235295788}}