{"exp_name": "30_swish_ensemble_embed_aug_onecycle_dense_split_bottleneck", "machine": "mbp", "results": {"train_time": 1114.8301140969998, "val_time_no_tta": 1.8697445759989932, "val_ams_smooth_no_tta": 3.7747193874913214, "val_ams_max_no_tta": 3.8269635943342872, "val_time": 18.220853327999066, "val_ams_smooth": 3.7355710910503213, "val_ams_max": 3.8080693264760614, "test_time_no_tta": 22.456809962999614, "test_public_ams_mean_no_tta": [3.626620891572189, 0.07638643718753459], "test_private_ams_mean_no_tta": [3.6019516798110347, 0.03197915125550696], "test_public_ams_no_tta": 3.6165844822820508, "test_private_ams_no_tta": 3.5996131757742242, "test_time": 185.47837078699922, "test_public_ams_mean": [3.640616241966646, 0.07260518254441255], "test_private_ams_mean": [3.6004342971585155, 0.032686144638152975], "test_public_ams": 3.631086612789025, "test_private_ams": 3.597969021175478}}