{"exp_name": "30_swish_ensemble_embed_aug_onecycle_dense_split_bottleneck", "machine": "helios_cuda", "results": {"train_time": 882.4769959060004, "val_time_no_tta": 0.2244712489991798, "val_ams_smooth_no_tta": 3.5221458462083346, "val_ams_max_no_tta": 3.6086635448655033, "val_time": 4.970377761999771, "val_ams_smooth": 3.5033420732712686, "val_ams_max": 3.59039794835844, "test_time_no_tta": 0.5462382810001145, "test_public_ams_mean_no_tta": [3.653739697627023, 0.04913811538730428], "test_private_ams_mean_no_tta": [3.6450856928100466, 0.0359794474524769], "test_public_ams_no_tta": 3.6471276473616943, "test_private_ams_no_tta": 3.6404769699754604, "test_time": 16.88894467800037, "test_public_ams_mean": [3.672460425781254, 0.05768279374958377], "test_private_ams_mean": [3.6385865483150575, 0.03393596924255224], "test_public_ams": 3.664144432837866, "test_private_ams": 3.634491086117785}}