{"exp_name": "30_swish_ensemble_embed_aug_onecycle_dense_split_bottleneck", "machine": "icarus", "results": {"train_time": 1985.127404294908, "val_time_no_tta": 1.030357338488102, "val_ams_smooth_no_tta": 3.8005067135581143, "val_ams_max_no_tta": 3.925590240632782, "val_time": 13.783830307424068, "val_ams_smooth": 3.8857366362199297, "val_ams_max": 3.9473184892414874, "test_time_no_tta": 12.421641774475574, "test_public_ams_mean_no_tta": [3.638349214829457, 0.08246311751255381], "test_private_ams_mean_no_tta": [3.653264342900628, 0.03710616370276381], "test_public_ams_no_tta": 3.6215273037252103, "test_private_ams_no_tta": 3.6482911582746462, "test_time": 98.98771008104086, "test_public_ams_mean": [3.645860200528827, 0.08212074714575186], "test_private_ams_mean": [3.6489539691018296, 0.03538096873487418], "test_public_ams": 3.628285913095352, "test_private_ams": 3.643423788567007}}