{"exp_name": "30_swish_ensemble_embed_aug_onecycle_dense_split_bottleneck", "machine": "helios_cpu", "results": {"train_time": 859.7780620960002, "val_time_no_tta": 0.9323783920008282, "val_ams_smooth_no_tta": 3.7119943288541455, "val_ams_max_no_tta": 3.8051162030301238, "val_time": 10.472329423999327, "val_ams_smooth": 3.717614389344171, "val_ams_max": 3.8213847588704835, "test_time_no_tta": 12.576112990000183, "test_public_ams_mean_no_tta": [3.6346809399528945, 0.06675743603791177], "test_private_ams_mean_no_tta": [3.6010087486492375, 0.031469281134197315], "test_public_ams_no_tta": 3.62247189143908, "test_private_ams_no_tta": 3.599957223237282, "test_time": 109.58015151299878, "test_public_ams_mean": [3.6495462833574854, 0.06633748504256111], "test_private_ams_mean": [3.603823284646699, 0.03555619121242238], "test_public_ams": 3.638076733838209, "test_private_ams": 3.602354209649489}}