{"exp_name": "30_swish_ensemble_embed_aug_onecycle_dense_split_bottleneck", "machine": "daedalus", "results": {"train_time": 1521.3764431290329, "val_time_no_tta": 1.1451101750135422, "val_ams_smooth_no_tta": 3.684122091572746, "val_ams_max_no_tta": 3.723487697602294, "val_time": 12.592004338279366, "val_ams_smooth": 3.6948487669477577, "val_ams_max": 3.7378156450382334, "test_time_no_tta": 9.193140776827931, "test_public_ams_mean_no_tta": [3.6373399229650842, 0.08423274248911265], "test_private_ams_mean_no_tta": [3.6324397681168903, 0.039901574051195564], "test_public_ams_no_tta": 3.621942077397269, "test_private_ams_no_tta": 3.629161854946176, "test_time": 78.31647339183837, "test_public_ams_mean": [3.642812004707621, 0.0579909768132767], "test_private_ams_mean": [3.6516597922747893, 0.0374494643453072], "test_public_ams": 3.6335668871523175, "test_private_ams": 3.6496931787034352}}