{"exp_name": "32_swish_ensemble_embed_aug_onecycle_dense_wide-deep", "machine": "icarus", "results": {"train_time": 1747.207088310999, "val_time_no_tta": 1.0849641239910852, "val_ams_smooth_no_tta": 3.9297430036371424, "val_ams_max_no_tta": 4.022011017252889, "val_time": 12.049948290019529, "val_ams_smooth": 3.889288056483102, "val_ams_max": 3.976199795598982, "test_time_no_tta": 9.178607864014339, "test_public_ams_mean_no_tta": [3.855139453773803, 0.1180534335017371], "test_private_ams_mean_no_tta": [3.8067188576224043, 0.03766885709286886], "test_public_ams_no_tta": 3.834224446227108, "test_private_ams_no_tta": 3.802218433686888, "test_time": 78.54885569901671, "test_public_ams_mean": [3.8667951545516352, 0.11261167105552945], "test_private_ams_mean": [3.8104888066375557, 0.037246730306744996], "test_public_ams": 3.8500005919772464, "test_private_ams": 3.806112609299245}}