{"exp_name": "32_swish_ensemble_embed_aug_onecycle_dense_wide-deep", "machine": "morpheus", "results": {"train_time": 1488.2712113350008, "val_time_no_tta": 1.9125734890003514, "val_ams_smooth_no_tta": 4.028148058238996, "val_ams_max_no_tta": 4.100635819505097, "val_time": 18.462191264000467, "val_ams_smooth": 4.0427893438237765, "val_ams_max": 4.12606173270096, "test_time_no_tta": 17.169400746000065, "test_public_ams_mean_no_tta": [3.7519033789529614, 0.08664411512712224], "test_private_ams_mean_no_tta": [3.797173157971654, 0.051403396635875204], "test_public_ams_no_tta": 3.728059711892724, "test_private_ams_no_tta": 3.791474142720021, "test_time": 145.52075960500042, "test_public_ams_mean": [3.7959785578081835, 0.09395788935390864], "test_private_ams_mean": [3.8213658607643604, 0.04952677864894128], "test_public_ams": 3.773468562094464, "test_private_ams": 3.8163051816908675}}