{"exp_name": "32_swish_ensemble_embed_aug_onecycle_dense_wide-deep", "machine": "mbp", "results": {"train_time": 1278.690850268, "val_time_no_tta": 2.3950169820000156, "val_ams_smooth_no_tta": 3.7508324345551, "val_ams_max_no_tta": 3.85638406497991, "val_time": 22.183288905000154, "val_ams_smooth": 3.792526373426882, "val_ams_max": 3.8777524775028054, "test_time_no_tta": 26.879604062999988, "test_public_ams_mean_no_tta": [3.774733670476479, 0.07403153497250464], "test_private_ams_mean_no_tta": [3.7951278677842666, 0.04937445577731543], "test_public_ams_no_tta": 3.7634101526446497, "test_private_ams_no_tta": 3.7891683203882045, "test_time": 225.13654136700006, "test_public_ams_mean": [3.7749434241436974, 0.08277000460565699], "test_private_ams_mean": [3.7771029186319454, 0.048096464046666565], "test_public_ams": 3.7605542698188184, "test_private_ams": 3.771349061831918}}