{"exp_name": "32_swish_ensemble_embed_aug_onecycle_dense_wide-deep", "machine": "helios_cpu", "results": {"train_time": 867.9754893089998, "val_time_no_tta": 1.0499610699998811, "val_ams_smooth_no_tta": 3.85655779859507, "val_ams_max_no_tta": 3.8817959154613053, "val_time": 11.847810945999754, "val_ams_smooth": 3.8580681536679786, "val_ams_max": 3.8819872707274903, "test_time_no_tta": 12.33127305700009, "test_public_ams_mean_no_tta": [3.8647463910744713, 0.10683437322533902], "test_private_ams_mean_no_tta": [3.812461604985421, 0.04259530981709757], "test_public_ams_no_tta": 3.837607804320992, "test_private_ams_no_tta": 3.808705289280523, "test_time": 104.83746549599982, "test_public_ams_mean": [3.8708435228420144, 0.1077940267163582], "test_private_ams_mean": [3.8009818683843, 0.04251999778216426], "test_public_ams": 3.84558110469861, "test_private_ams": 3.7974032223273255}}