{"exp_name": "32_swish_ensemble_embed_aug_onecycle_dense_wide-deep", "machine": "daedalus", "results": {"train_time": 1497.0409549979377, "val_time_no_tta": 1.27944811002817, "val_ams_smooth_no_tta": 3.8900993388103053, "val_ams_max_no_tta": 4.049453378998048, "val_time": 13.71046115201898, "val_ams_smooth": 3.907201812939962, "val_ams_max": 3.9952506126442873, "test_time_no_tta": 9.549403326003812, "test_public_ams_mean_no_tta": [3.764162031234934, 0.07352400826393332], "test_private_ams_mean_no_tta": [3.7999572012325458, 0.03540616289639787], "test_public_ams_no_tta": 3.749993085262401, "test_private_ams_no_tta": 3.797467473421332, "test_time": 89.05301098199561, "test_public_ams_mean": [3.7720645065974083, 0.07262068783404065], "test_private_ams_mean": [3.81649606979943, 0.0325197562381663], "test_public_ams": 3.7586964221340193, "test_private_ams": 3.8143632219780543}}