{"exp_name": "32_swish_ensemble_embed_aug_onecycle_dense_wide-deep", "machine": "helios_cuda", "results": {"train_time": 772.4753432450001, "val_time_no_tta": 0.17701250999971307, "val_ams_smooth_no_tta": 3.6425506159790864, "val_ams_max_no_tta": 3.753036008242244, "val_time": 4.609838209999907, "val_ams_smooth": 3.6559012557509707, "val_ams_max": 3.739589617690541, "test_time_no_tta": 0.6378225670000575, "test_public_ams_mean_no_tta": [3.7950724158015547, 0.07746749835039524], "test_private_ams_mean_no_tta": [3.7861538991536015, 0.03715982818038961], "test_public_ams_no_tta": 3.776998798497999, "test_private_ams_no_tta": 3.7836505776839173, "test_time": 17.224843406999753, "test_public_ams_mean": [3.8128749990270316, 0.07866693453271408], "test_private_ams_mean": [3.791059068753179, 0.038820349702487746], "test_public_ams": 3.7932827793928245, "test_private_ams": 3.788336925957222}}