{"exp_name": "33_search_4-100-0.1", "machine": "mbp", "results": {"train_time": 1529.7670461270009, "val_time_no_tta": 2.6186112279992813, "val_ams_smooth_no_tta": 3.816380680675672, "val_ams_max_no_tta": 3.864251279386562, "val_time": 24.54974921700159, "val_ams_smooth": 3.803207660727067, "val_ams_max": 3.8637091802032533, "test_time_no_tta": 30.093723071000568, "test_public_ams_mean_no_tta": [3.737155409510077, 0.07559174093448412], "test_private_ams_mean_no_tta": [3.7424308730261124, 0.027421511622968905], "test_public_ams_no_tta": 3.7160270901150136, "test_private_ams_no_tta": 3.7415050731301194, "test_time": 260.27432170500106, "test_public_ams_mean": [3.7324650606284626, 0.07099060130961721], "test_private_ams_mean": [3.7313661939072995, 0.03059632014954931], "test_public_ams": 3.7142593864945423, "test_private_ams": 3.7300153463299983}}