{"exp_name": "33_search_5-100--0.1", "machine": "helios_cuda", "results": {"train_time": 632.8225290120026, "val_time_no_tta": 0.1420271919996594, "val_ams_smooth_no_tta": 3.6880114819329513, "val_ams_max_no_tta": 4.294714095609532, "val_time": 4.85423656799685, "val_ams_smooth": 3.69537028737812, "val_ams_max": 4.09479471607764, "test_time_no_tta": 0.7920819740029401, "test_public_ams_mean_no_tta": [3.8149004356173606, 0.08731776370198924], "test_private_ams_mean_no_tta": [3.8362342562057727, 0.049589804673266666], "test_public_ams_no_tta": 3.7938619447012782, "test_private_ams_no_tta": 3.8278508938873093, "test_time": 19.129222354000376, "test_public_ams_mean": [3.8188145959471336, 0.0982304521518877], "test_private_ams_mean": [3.836519614012031, 0.04221319854400584], "test_public_ams": 3.794266797790145, "test_private_ams": 3.83052185747136}}