{"exp_name": "33_search_4-100-0.1", "machine": "helios_cpu", "results": {"train_time": 992.1732322419994, "val_time_no_tta": 1.526339280000684, "val_ams_smooth_no_tta": 3.8071675499445874, "val_ams_max_no_tta": 3.8420913325537667, "val_time": 14.536431892998735, "val_ams_smooth": 3.781810325188156, "val_ams_max": 3.8441735994628283, "test_time_no_tta": 24.085233081001206, "test_public_ams_mean_no_tta": [3.7405784576738013, 0.09555421994644078], "test_private_ams_mean_no_tta": [3.740103770678778, 0.039220237498998965], "test_public_ams_no_tta": 3.707327533340285, "test_private_ams_no_tta": 3.7347056422442755, "test_time": 181.72902838799928, "test_public_ams_mean": [3.728049498017172, 0.09100464945995314], "test_private_ams_mean": [3.751717950925118, 0.03843395882353718], "test_public_ams": 3.6972790696501443, "test_private_ams": 3.746834521633999}}