{"exp_name": "33_search_8-33-0.2", "machine": "daedalus", "results": {"train_time": 1792.929098545108, "val_time_no_tta": 2.2280668299645185, "val_ams_smooth_no_tta": 3.835967830794179, "val_ams_max_no_tta": 4.017311910393595, "val_time": 20.586638227920048, "val_ams_smooth": 3.927071954226829, "val_ams_max": 4.018246107210754, "test_time_no_tta": 21.194488762994297, "test_public_ams_mean_no_tta": [3.81877812611355, 0.11283393770194082], "test_private_ams_mean_no_tta": [3.8113448686293716, 0.03169867319203213], "test_public_ams_no_tta": 3.7872003120846998, "test_private_ams_no_tta": 3.810401719543068, "test_time": 186.9791099280119, "test_public_ams_mean": [3.7603193197728495, 0.1225920154396718], "test_private_ams_mean": [3.822040862590908, 0.03826481893920493], "test_public_ams": 3.723878688390577, "test_private_ams": 3.8205378907554004}}