{"exp_name": "33_search_4-40-0.45", "machine": "helios_cuda", "results": {"train_time": 602.0097012280003, "val_time_no_tta": 0.12178810200020962, "val_ams_smooth_no_tta": 3.7222827783834536, "val_ams_max_no_tta": 3.9575157526309903, "val_time": 4.165335206000236, "val_ams_smooth": 3.7488861189830445, "val_ams_max": 3.768754286249695, "test_time_no_tta": 0.5421480609984428, "test_public_ams_mean_no_tta": [3.838860200610264, 0.11756427215041879], "test_private_ams_mean_no_tta": [3.808382407702362, 0.026326417935416048], "test_public_ams_no_tta": 3.8002467211522055, "test_private_ams_no_tta": 3.8069626632934424, "test_time": 16.547418146999917, "test_public_ams_mean": [3.821833484933517, 0.1129833126273368], "test_private_ams_mean": [3.8015543125991096, 0.03016673359306071], "test_public_ams": 3.785562318104707, "test_private_ams": 3.7997451629559063}}