{"exp_name": "33_search_5-100--0.1", "machine": "morpheus", "results": {"train_time": 1621.749973959988, "val_time_no_tta": 2.5343201999930898, "val_ams_smooth_no_tta": 4.06289074623658, "val_ams_max_no_tta": 4.228344574244125, "val_time": 24.09257189699565, "val_ams_smooth": 4.06663278746503, "val_ams_max": 4.248857800994999, "test_time_no_tta": 30.02323482099746, "test_public_ams_mean_no_tta": [3.799805864725367, 0.11254588935077862], "test_private_ams_mean_no_tta": [3.813605223303644, 0.057218870456557575], "test_public_ams_no_tta": 3.7635013758272278, "test_private_ams_no_tta": 3.802853074809751, "test_time": 251.299958566, "test_public_ams_mean": [3.7674105436456338, 0.10522527666736109], "test_private_ams_mean": [3.799466898949418, 0.0562675775003392], "test_public_ams": 3.737153744733359, "test_private_ams": 3.7888382548495003}}