{"exp_name": "33_search_4-100-0.1", "machine": "helios_cuda", "results": {"train_time": 607.2124028120015, "val_time_no_tta": 0.15152517299975443, "val_ams_smooth_no_tta": 3.6270310017519294, "val_ams_max_no_tta": 3.7343378070178326, "val_time": 4.492241325999203, "val_ams_smooth": 3.6552110088482683, "val_ams_max": 3.7383049067885885, "test_time_no_tta": 0.844476833999579, "test_public_ams_mean_no_tta": [3.7045236188227038, 0.08757840529362353], "test_private_ams_mean_no_tta": [3.7483070729961305, 0.047499929687384757], "test_public_ams_no_tta": 3.6840715370614086, "test_private_ams_no_tta": 3.742509155916218, "test_time": 18.770828736000112, "test_public_ams_mean": [3.7214549027995276, 0.08710834636766211], "test_private_ams_mean": [3.7556403388288615, 0.04843912361013708], "test_public_ams": 3.69848943984551, "test_private_ams": 3.7490067033553927}}