{"exp_name": "33_search_4-40-0.45", "machine": "helios_cpu", "results": {"train_time": 737.0769552929996, "val_time_no_tta": 0.8678051419992698, "val_ams_smooth_no_tta": 3.837298535118294, "val_ams_max_no_tta": 3.88402204998256, "val_time": 9.894514050996804, "val_ams_smooth": 3.8775492843972645, "val_ams_max": 3.8983912545621386, "test_time_no_tta": 13.113071751999087, "test_public_ams_mean_no_tta": [3.84481896418313, 0.11486058220629093], "test_private_ams_mean_no_tta": [3.79003560686785, 0.028524837608252338], "test_public_ams_no_tta": 3.8130861029460332, "test_private_ams_no_tta": 3.7867121318508103, "test_time": 107.61457865400007, "test_public_ams_mean": [3.8415069325037905, 0.12444918313505372], "test_private_ams_mean": [3.8023943333652097, 0.02936400382344698], "test_public_ams": 3.805278314460707, "test_private_ams": 3.798860117108773}}