{"exp_name": "33_search_4-40-0.45", "machine": "daedalus", "results": {"train_time": 1283.2696213460295, "val_time_no_tta": 0.8815884559880942, "val_ams_smooth_no_tta": 3.8937814840993425, "val_ams_max_no_tta": 3.982829631517941, "val_time": 11.75198081904091, "val_ams_smooth": 3.921790834137733, "val_ams_max": 4.030989115095561, "test_time_no_tta": 9.066741800983436, "test_public_ams_mean_no_tta": [3.829309735464917, 0.14667622154260834], "test_private_ams_mean_no_tta": [3.812939763876585, 0.05613252799207778], "test_public_ams_no_tta": 3.7683946679872213, "test_private_ams_no_tta": 3.8040457168999158, "test_time": 87.67454871290829, "test_public_ams_mean": [3.8180149064239877, 0.1549590618089152], "test_private_ams_mean": [3.8097541780183213, 0.05884012135573489], "test_public_ams": 3.755322970293941, "test_private_ams": 3.800861809812661}}