{"exp_name": "33_search_5-33-0.9", "machine": "helios_cpu", "results": {"train_time": 961.356464453, "val_time_no_tta": 1.4090870100001212, "val_ams_smooth_no_tta": 3.815520476403266, "val_ams_max_no_tta": 3.898034590180318, "val_time": 14.313122774000021, "val_ams_smooth": 3.8484310988412562, "val_ams_max": 3.917496585259828, "test_time_no_tta": 23.23686571600001, "test_public_ams_mean_no_tta": [3.7981479244102774, 0.0888582364613204], "test_private_ams_mean_no_tta": [3.785994198977984, 0.04374964537104603], "test_public_ams_no_tta": 3.775767129548155, "test_private_ams_no_tta": 3.781750241127333, "test_time": 184.7664329260001, "test_public_ams_mean": [3.8199649912056897, 0.08142701474506474], "test_private_ams_mean": [3.8026653867972455, 0.05154337820062439], "test_public_ams": 3.801898518419522, "test_private_ams": 3.7965707947937304}}