{"exp_name": "33_search_5-100--0.1", "machine": "daedalus", "results": {"train_time": 1510.7616225359961, "val_time_no_tta": 1.7187559710582718, "val_ams_smooth_no_tta": 3.8350556019975994, "val_ams_max_no_tta": 4.005177235181548, "val_time": 16.483377155964263, "val_ams_smooth": 3.9401412130198805, "val_ams_max": 3.9998021779537334, "test_time_no_tta": 16.35393727198243, "test_public_ams_mean_no_tta": [3.80011531816539, 0.07964484796633053], "test_private_ams_mean_no_tta": [3.790410834131868, 0.036767757388216346], "test_public_ams_no_tta": 3.7904814218229994, "test_private_ams_no_tta": 3.7862902224535397, "test_time": 141.14416867296677, "test_public_ams_mean": [3.759088851826925, 0.07545619768674364], "test_private_ams_mean": [3.78641612300975, 0.03512471106260219], "test_public_ams": 3.7472860968128083, "test_private_ams": 3.7829318096603077}}