{"exp_name": "33_search_8-33-0.2", "machine": "morpheus", "results": {"train_time": 1892.7562620819954, "val_time_no_tta": 3.343592314005946, "val_ams_smooth_no_tta": 4.082284851126811, "val_ams_max_no_tta": 4.133348236982864, "val_time": 31.433926528989105, "val_ams_smooth": 4.08868352118352, "val_ams_max": 4.170755566071424, "test_time_no_tta": 40.14012787200045, "test_public_ams_mean_no_tta": [3.7849277770146608, 0.09389730924786446], "test_private_ams_mean_no_tta": [3.8109804056774372, 0.05651053301563896], "test_public_ams_no_tta": 3.7642878699901323, "test_private_ams_no_tta": 3.8036372184681113, "test_time": 331.8928448880033, "test_public_ams_mean": [3.8395954130607266, 0.09680281417907258], "test_private_ams_mean": [3.8078861527464554, 0.057484644205244094], "test_public_ams": 3.8202791527406474, "test_private_ams": 3.8000103702295767}}