{"exp_name": "33_search_5-33-0.9", "machine": "daedalus", "results": {"train_time": 1538.2548307399265, "val_time_no_tta": 1.6429870011052117, "val_ams_smooth_no_tta": 3.9150225425565903, "val_ams_max_no_tta": 4.044195866686628, "val_time": 16.512146056978963, "val_ams_smooth": 3.920612444857645, "val_ams_max": 3.9970626946554453, "test_time_no_tta": 16.4830729579553, "test_public_ams_mean_no_tta": [3.7831851145248208, 0.1384152068452799], "test_private_ams_mean_no_tta": [3.816889924520981, 0.036803554281956155], "test_public_ams_no_tta": 3.7457382786978033, "test_private_ams_no_tta": 3.8133781941589646, "test_time": 142.40746516594663, "test_public_ams_mean": [3.791495236471949, 0.13056779419183248], "test_private_ams_mean": [3.8292915506927363, 0.03404883613096875], "test_public_ams": 3.7580993055279435, "test_private_ams": 3.8260865959849673}}