{"exp_name": "33_search_8-33-0.2", "machine": "icarus", "results": {"train_time": 2142.7208057249954, "val_time_no_tta": 1.9359454099903814, "val_ams_smooth_no_tta": 3.9271187973705746, "val_ams_max_no_tta": 3.995879064588208, "val_time": 20.70902146899607, "val_ams_smooth": 3.9529024650957276, "val_ams_max": 4.008918698595857, "test_time_no_tta": 22.64409546199022, "test_public_ams_mean_no_tta": [3.854515025396534, 0.13602629222049167], "test_private_ams_mean_no_tta": [3.786803191467778, 0.04630606095633069], "test_public_ams_no_tta": 3.822255859087506, "test_private_ams_no_tta": 3.782766891758812, "test_time": 195.3063213179994, "test_public_ams_mean": [3.9064655893517197, 0.1303024882997912], "test_private_ams_mean": [3.7884174247577542, 0.04410775252763667], "test_public_ams": 3.8802830616511548, "test_private_ams": 3.7842560987072438}}