{"exp_name": "33_search_4-100-0.1", "machine": "daedalus", "results": {"train_time": 1641.5024304509861, "val_time_no_tta": 1.5316323339939117, "val_ams_smooth_no_tta": 3.8327970558388964, "val_ams_max_no_tta": 3.911828354460846, "val_time": 16.093542026006617, "val_ams_smooth": 3.7845341874321865, "val_ams_max": 3.89840789025828, "test_time_no_tta": 16.958172366023064, "test_public_ams_mean_no_tta": [3.7037847335465828, 0.08423150962350055], "test_private_ams_mean_no_tta": [3.7880318789775544, 0.036269625409773], "test_public_ams_no_tta": 3.684966198720625, "test_private_ams_no_tta": 3.784014046732393, "test_time": 148.53404607600532, "test_public_ams_mean": [3.7383218508772145, 0.08411304476341755], "test_private_ams_mean": [3.7569935235022855, 0.04057171431413594], "test_public_ams": 3.72221841626096, "test_private_ams": 3.752853408952555}}