{"exp_name": "33_search_5-33-0.9", "machine": "mbp", "results": {"train_time": 1533.3856254579987, "val_time_no_tta": 2.8536005679998198, "val_ams_smooth_no_tta": 3.85708726428177, "val_ams_max_no_tta": 3.878712491926276, "val_time": 26.98066211999867, "val_ams_smooth": 3.861970790754086, "val_ams_max": 3.873937520794702, "test_time_no_tta": 33.661898762999044, "test_public_ams_mean_no_tta": [3.7706922480881753, 0.08130030059131255], "test_private_ams_mean_no_tta": [3.7838017574819047, 0.04476500334984464], "test_public_ams_no_tta": 3.7451250020485602, "test_private_ams_no_tta": 3.7785180944250785, "test_time": 307.06211962700036, "test_public_ams_mean": [3.7928337390456135, 0.07395474535624681], "test_private_ams_mean": [3.7637378924160894, 0.04522764936761834], "test_public_ams": 3.770209894528761, "test_private_ams": 3.7578512281732763}}