{"exp_name": "33_search_4-40-0.45", "machine": "mbp", "results": {"train_time": 1247.1352760360005, "val_time_no_tta": 1.4019755120025366, "val_ams_smooth_no_tta": 3.858452886122144, "val_ams_max_no_tta": 3.875174428497981, "val_time": 14.331230191000941, "val_ams_smooth": 3.8068270793802306, "val_ams_max": 3.8796998874761996, "test_time_no_tta": 17.123354606002977, "test_public_ams_mean_no_tta": [3.765247073046342, 0.07701103959950145], "test_private_ams_mean_no_tta": [3.7510877832811076, 0.041597878174794094], "test_public_ams_no_tta": 3.7488611113626593, "test_private_ams_no_tta": 3.748117610312264, "test_time": 157.0049859139981, "test_public_ams_mean": [3.76394873458199, 0.07671829881943058], "test_private_ams_mean": [3.7802060092151004, 0.034494831219386825], "test_public_ams": 3.749915713792463, "test_private_ams": 3.7781909740735253}}