{"exp_name": "33_search_5-33-0.9", "machine": "morpheus", "results": {"train_time": 1648.514887133002, "val_time_no_tta": 2.546703772008186, "val_ams_smooth_no_tta": 4.008132896228415, "val_ams_max_no_tta": 4.155941254232422, "val_time": 24.316251692012884, "val_ams_smooth": 4.0511027787864045, "val_ams_max": 4.148371805086953, "test_time_no_tta": 31.80993417801801, "test_public_ams_mean_no_tta": [3.760898619773448, 0.08894721679387367], "test_private_ams_mean_no_tta": [3.8133141196304976, 0.04372088052776705], "test_public_ams_no_tta": 3.7370169599876437, "test_private_ams_no_tta": 3.8087781860526455, "test_time": 256.2803500620066, "test_public_ams_mean": [3.7431405482362776, 0.08275177216069333], "test_private_ams_mean": [3.8100655652219246, 0.04979143332516079], "test_public_ams": 3.7239766445475553, "test_private_ams": 3.8043614972472564}}