{"exp_name": "33_search_4-100-0.1", "machine": "icarus", "results": {"train_time": 2009.1196820329933, "val_time_no_tta": 1.4450572399946395, "val_ams_smooth_no_tta": 3.8912870821127514, "val_ams_max_no_tta": 3.9774733405918767, "val_time": 15.809244546981063, "val_ams_smooth": 3.8899310257715505, "val_ams_max": 3.9984071892213655, "test_time_no_tta": 17.977914969989797, "test_public_ams_mean_no_tta": [3.7389128058459553, 0.08774823036425933], "test_private_ams_mean_no_tta": [3.7407329058834784, 0.03131210243042216], "test_public_ams_no_tta": 3.714672014098089, "test_private_ams_no_tta": 3.738215912007126, "test_time": 148.21830323699396, "test_public_ams_mean": [3.7570780623003897, 0.08616658242159296], "test_private_ams_mean": [3.747247600879633, 0.033684684807191057], "test_public_ams": 3.732829536888859, "test_private_ams": 3.744348970579837}}