{"exp_name": "33_search_8-33-0.2", "machine": "helios_cuda", "results": {"train_time": 735.7153361680002, "val_time_no_tta": 0.17105517999971198, "val_ams_smooth_no_tta": 3.6254259677143192, "val_ams_max_no_tta": 3.7005241752760965, "val_time": 4.5371240849999595, "val_ams_smooth": 3.6541399583443814, "val_ams_max": 3.719223270935024, "test_time_no_tta": 0.9519018969995159, "test_public_ams_mean_no_tta": [3.739640750318869, 0.06948517567483505], "test_private_ams_mean_no_tta": [3.797081774791792, 0.032494348858575606], "test_public_ams_no_tta": 3.7210609300930013, "test_private_ams_no_tta": 3.793364012556232, "test_time": 19.759684093999567, "test_public_ams_mean": [3.772286247671354, 0.06680199196056362], "test_private_ams_mean": [3.8010764849045224, 0.03254250651054129], "test_public_ams": 3.757167643845536, "test_private_ams": 3.7969840530078023}}