{"exp_name": "33_search_4-40-0.45", "machine": "morpheus", "results": {"train_time": 1347.3454537329962, "val_time_no_tta": 1.3758756659954088, "val_ams_smooth_no_tta": 4.049029507367166, "val_ams_max_no_tta": 4.168996338584778, "val_time": 15.634808551010792, "val_ams_smooth": 4.052870844888746, "val_ams_max": 4.136160631994474, "test_time_no_tta": 16.940809714011266, "test_public_ams_mean_no_tta": [3.825185431973805, 0.07003118480645247], "test_private_ams_mean_no_tta": [3.797283585656202, 0.04373722920577775], "test_public_ams_no_tta": 3.8106355172292257, "test_private_ams_no_tta": 3.793240313497089, "test_time": 146.64317745200242, "test_public_ams_mean": [3.8031693902249737, 0.07457727661910486], "test_private_ams_mean": [3.8025025558080308, 0.046342166143222445], "test_public_ams": 3.78496562039495, "test_private_ams": 3.7972490777964234}}