{"exp_name": "33_search_5-100--0.1", "machine": "icarus", "results": {"train_time": 1773.2376768100075, "val_time_no_tta": 1.3454411769926082, "val_ams_smooth_no_tta": 3.9637163351692157, "val_ams_max_no_tta": 3.9978232293584997, "val_time": 16.900424048973946, "val_ams_smooth": 3.9830513627106257, "val_ams_max": 4.029937650945894, "test_time_no_tta": 16.99754914600635, "test_public_ams_mean_no_tta": [3.7859612133694696, 0.11896853852385066], "test_private_ams_mean_no_tta": [3.8077744628473047, 0.02620528142506202], "test_public_ams_no_tta": 3.754466806455521, "test_private_ams_no_tta": 3.807262424846393, "test_time": 144.63237114599906, "test_public_ams_mean": [3.8510836157509987, 0.10461823538410486], "test_private_ams_mean": [3.802592857219153, 0.03220770982080902], "test_public_ams": 3.8264195207659464, "test_private_ams": 3.8018380662150335}}