{"exp_name": "33_search_4-40-0.45", "machine": "icarus", "results": {"train_time": 1494.80032849501, "val_time_no_tta": 0.8135981450031977, "val_ams_smooth_no_tta": 4.019911113503907, "val_ams_max_no_tta": 4.040727491730646, "val_time": 12.334557472000597, "val_ams_smooth": 3.9973085814956266, "val_ams_max": 4.045906601889961, "test_time_no_tta": 9.860491854982683, "test_public_ams_mean_no_tta": [3.8531067649568946, 0.12775491261415048], "test_private_ams_mean_no_tta": [3.8080352386514185, 0.04788392250040845], "test_public_ams_no_tta": 3.810293912930046, "test_private_ams_no_tta": 3.8013303837926196, "test_time": 83.214612744021, "test_public_ams_mean": [3.845409885146057, 0.12960670667295712], "test_private_ams_mean": [3.800676594555552, 0.0405986788206429], "test_public_ams": 3.8013727305063387, "test_private_ams": 3.7955405468201637}}