{"exp_name": "33_search_8-33-0.2", "machine": "helios_cpu", "results": {"train_time": 1068.8437773990008, "val_time_no_tta": 1.9241090200002873, "val_ams_smooth_no_tta": 3.849225077503155, "val_ams_max_no_tta": 3.8948287040637886, "val_time": 17.99402542399912, "val_ams_smooth": 3.85170475881242, "val_ams_max": 3.9065530198267777, "test_time_no_tta": 30.847037131001343, "test_public_ams_mean_no_tta": [3.796366047196346, 0.08305768224464387], "test_private_ams_mean_no_tta": [3.7964547325837836, 0.03203086163141398], "test_public_ams_no_tta": 3.78542611431528, "test_private_ams_no_tta": 3.7928508247825525, "test_time": 236.95850455000073, "test_public_ams_mean": [3.8415077727160645, 0.08282968959519886], "test_private_ams_mean": [3.8117442320524604, 0.033840842357294], "test_public_ams": 3.8270477271593077, "test_private_ams": 3.807870576489202}}