{"exp_name": "33_search_5-100--0.1", "machine": "mbp", "results": {"train_time": 1465.0106742099997, "val_time_no_tta": 2.810940948998905, "val_ams_smooth_no_tta": 3.8271053745329255, "val_ams_max_no_tta": 3.8490598938329432, "val_time": 26.586594525997498, "val_ams_smooth": 3.8825881239357507, "val_ams_max": 3.891300656009642, "test_time_no_tta": 33.50669378300154, "test_public_ams_mean_no_tta": [3.774773000867507, 0.1199907159936366], "test_private_ams_mean_no_tta": [3.7706878922588687, 0.028413239199998944], "test_public_ams_no_tta": 3.755293967460956, "test_private_ams_no_tta": 3.7688147075985836, "test_time": 288.20411590599906, "test_public_ams_mean": [3.750056318048267, 0.11165666638468724], "test_private_ams_mean": [3.7609619734122743, 0.026283368238578006], "test_public_ams": 3.7325093312933313, "test_private_ams": 3.7593545678503766}}