{"exp_name": "33_search_5-100--0.1", "machine": "helios_cpu", "results": {"train_time": 929.3762820730044, "val_time_no_tta": 1.4480512619993533, "val_ams_smooth_no_tta": 3.8988505212441, "val_ams_max_no_tta": 3.9326669055786794, "val_time": 14.370215187002032, "val_ams_smooth": 3.8757878389512994, "val_ams_max": 3.8961026676382002, "test_time_no_tta": 23.237813961997745, "test_public_ams_mean_no_tta": [3.8519260244941966, 0.13733703156342292], "test_private_ams_mean_no_tta": [3.8274318047164257, 0.03348136711470708], "test_public_ams_no_tta": 3.8046737635070373, "test_private_ams_no_tta": 3.82452948664797, "test_time": 189.58636449699407, "test_public_ams_mean": [3.8615079317649936, 0.1335060055368997], "test_private_ams_mean": [3.8238369512922374, 0.0307014983554224], "test_public_ams": 3.8170849988931614, "test_private_ams": 3.8207854103694787}}