{"exp_name": "33_search_8-33-0.2", "machine": "mbp", "results": {"train_time": 2062.4668632680005, "val_time_no_tta": 4.635716564999711, "val_ams_smooth_no_tta": 3.8436954524487064, "val_ams_max_no_tta": 3.8786860703818764, "val_time": 41.949090455999794, "val_ams_smooth": 3.878719208176849, "val_ams_max": 3.8836022833831723, "test_time_no_tta": 60.09925137400023, "test_public_ams_mean_no_tta": [3.776523554194621, 0.08225892878430664], "test_private_ams_mean_no_tta": [3.7363482838187836, 0.031200327587014798], "test_public_ams_no_tta": 3.756568317149328, "test_private_ams_no_tta": 3.7341690073392506, "test_time": 528.83171812, "test_public_ams_mean": [3.7928143091890036, 0.09252709818812041], "test_private_ams_mean": [3.752226918356837, 0.029835723816298534], "test_public_ams": 3.765380420736006, "test_private_ams": 3.7503853096866466}}