{"exp_name": "33_search_5-33-0.9", "machine": "helios_cuda", "results": {"train_time": 646.5083412590001, "val_time_no_tta": 0.15293990400004986, "val_ams_smooth_no_tta": 3.696409188451918, "val_ams_max_no_tta": 3.7708410152606073, "val_time": 4.556545360999962, "val_ams_smooth": 3.7234953008036777, "val_ams_max": 3.7577447627979796, "test_time_no_tta": 0.7942312710000579, "test_public_ams_mean_no_tta": [3.8058773684462843, 0.07906918317075175], "test_private_ams_mean_no_tta": [3.8122135779818316, 0.06502219113096767], "test_public_ams_no_tta": 3.7882302593072623, "test_private_ams_no_tta": 3.8013816034104764, "test_time": 18.652461158999927, "test_public_ams_mean": [3.8117108541637945, 0.06196721308781196], "test_private_ams_mean": [3.7996840041329314, 0.05249341074435424], "test_public_ams": 3.800782737647581, "test_private_ams": 3.79312116879475}}