{"exp_name": "33_search_4-100-0.1", "machine": "morpheus", "results": {"train_time": 1832.2472960099985, "val_time_no_tta": 2.5020398190099513, "val_ams_smooth_no_tta": 4.026376176673459, "val_ams_max_no_tta": 4.050193541746808, "val_time": 23.940268588994513, "val_ams_smooth": 4.0461321356172935, "val_ams_max": 4.078234461115227, "test_time_no_tta": 31.038865236012498, "test_public_ams_mean_no_tta": [3.7746518981228414, 0.14334828489310264], "test_private_ams_mean_no_tta": [3.7703133354336464, 0.05181750179747029], "test_public_ams_no_tta": 3.720634193631994, "test_private_ams_no_tta": 3.7654553078969535, "test_time": 257.6265865829919, "test_public_ams_mean": [3.7889139532172775, 0.14527700256037815], "test_private_ams_mean": [3.7752904685942985, 0.05698856739515031], "test_public_ams": 3.7298175667450972, "test_private_ams": 3.7688822352961573}}