{"exp_name": "33_search_5-33-0.9", "machine": "icarus", "results": {"train_time": 1812.612235030043, "val_time_no_tta": 1.4961556229973212, "val_ams_smooth_no_tta": 3.941236031325637, "val_ams_max_no_tta": 4.00350586062791, "val_time": 17.104593396012206, "val_ams_smooth": 3.9140462619660696, "val_ams_max": 4.01097539010488, "test_time_no_tta": 18.03573248698376, "test_public_ams_mean_no_tta": [3.8620717127985564, 0.11148237316062236], "test_private_ams_mean_no_tta": [3.785206113134386, 0.04008582736097891], "test_public_ams_no_tta": 3.8254749527903757, "test_private_ams_no_tta": 3.7812175415960634, "test_time": 147.7074622879736, "test_public_ams_mean": [3.8852781086565207, 0.1065491203206023], "test_private_ams_mean": [3.7895821810619608, 0.04317103118428781], "test_public_ams": 3.8534540518450586, "test_private_ams": 3.784653785013493}}