{"exp_name": "38_baseline+cat", "machine": "mbp", "results": {"train_time": 50.83683637000013, "val_time_no_tta": 0.13378589900003135, "val_ams_smooth_no_tta": 3.5296564655382645, "val_ams_max_no_tta": 3.5391147529174254, "test_time_no_tta": 1.1716883270000835, "test_public_ams_mean_no_tta": [3.465060331605467, 0.07486682873498907], "test_private_ams_mean_no_tta": [3.4096221176853603, 0.027015036555305506], "test_public_ams_no_tta": 3.4496346612939712, "test_private_ams_no_tta": 3.407453570181344}}