{"exp_name": "38_baseline+cat", "machine": "daedalus", "results": {"train_time": 82.0222628545016, "val_time_no_tta": 0.14777098409831524, "val_ams_smooth_no_tta": 3.4589572566321225, "val_ams_max_no_tta": 3.4936771671183804, "test_time_no_tta": 0.8293484970927238, "test_public_ams_mean_no_tta": [3.5561148511394265, 0.11457535582667301], "test_private_ams_mean_no_tta": [3.473987734403802, 0.027162370215368888], "test_public_ams_no_tta": 3.523684453350253, "test_private_ams_no_tta": 3.4723560084863068}}