{"exp_name": "38_baseline+cat", "machine": "helios_cuda", "results": {"train_time": 39.40228846600007, "val_time_no_tta": 0.05855417900011162, "val_ams_smooth_no_tta": 3.371012659424217, "val_ams_max_no_tta": 3.4005710776458433, "test_time_no_tta": 0.1636855869999181, "test_public_ams_mean_no_tta": [3.5116007770033435, 0.05844985622305002], "test_private_ams_mean_no_tta": [3.4406291930006887, 0.0366512278324924], "test_public_ams_no_tta": 3.5027309021063826, "test_private_ams_no_tta": 3.4372574806620957}}