{"exp_name": "38_baseline+cat", "machine": "icarus", "results": {"train_time": 84.19830909185112, "val_time_no_tta": 0.15854299068450928, "val_ams_smooth_no_tta": 3.4384676923562245, "val_ams_max_no_tta": 3.518763174032241, "test_time_no_tta": 0.9275893364101648, "test_public_ams_mean_no_tta": [3.365840321167725, 0.06312694674611884], "test_private_ams_mean_no_tta": [3.3761118644599493, 0.03495526064519223], "test_public_ams_no_tta": 3.35764104027602, "test_private_ams_no_tta": 3.3722845129281036}}