{"exp_name": "38_baseline+cat", "machine": "morpheus", "results": {"train_time": 93.55089286714792, "val_time_no_tta": 0.19176900014281273, "val_ams_smooth_no_tta": 3.7702458131007806, "val_ams_max_no_tta": 3.832993021319558, "test_time_no_tta": 1.5822115540504456, "test_public_ams_mean_no_tta": [3.474611039168604, 0.09559014365835118], "test_private_ams_mean_no_tta": [3.4774802199600954, 0.02959676216644829], "test_public_ams_no_tta": 3.4461701790492967, "test_private_ams_no_tta": 3.4742813526306655}}