{"exp_name": "38_baseline+cat", "machine": "helios_cpu", "results": {"train_time": 49.11998650500004, "val_time_no_tta": 0.08337026399999559, "val_ams_smooth_no_tta": 3.4068315699987446, "val_ams_max_no_tta": 3.463433010394646, "test_time_no_tta": 0.532751955999629, "test_public_ams_mean_no_tta": [3.4334503462342503, 0.09896894148242388], "test_private_ams_mean_no_tta": [3.453543386839069, 0.028376864720240823], "test_public_ams_no_tta": 3.4142683143911268, "test_private_ams_no_tta": 3.4504081818449692}}