{"exp_name": "39_baseline+swish", "machine": "daedalus", "results": {"train_time": 79.9712582565844, "val_time_no_tta": 0.17210678383708, "val_ams_smooth_no_tta": 3.6203227788853285, "val_ams_max_no_tta": 3.6547686691732277, "test_time_no_tta": 1.011154554784298, "test_public_ams_mean_no_tta": [3.4826598306548915, 0.07544387160028052], "test_private_ams_mean_no_tta": [3.491027813901021, 0.030788634818396658], "test_public_ams_no_tta": 3.4616709389661486, "test_private_ams_no_tta": 3.4873584771943236}}