{"exp_name": "39_baseline+swish", "machine": "helios_cpu", "results": {"train_time": 44.976947177000056, "val_time_no_tta": 0.0795992869998372, "val_ams_smooth_no_tta": 3.502980302137015, "val_ams_max_no_tta": 3.5263338058548506, "test_time_no_tta": 0.5730103420000887, "test_public_ams_mean_no_tta": [3.445288249575519, 0.0620430039778736], "test_private_ams_mean_no_tta": [3.4522699571505613, 0.043430688736801684], "test_public_ams_no_tta": 3.435728207579305, "test_private_ams_no_tta": 3.4477351321027903}}