{"exp_name": "39_baseline+swish", "machine": "mbp", "results": {"train_time": 49.70881864199964, "val_time_no_tta": 0.21217548599997826, "val_ams_smooth_no_tta": 3.3854149062162966, "val_ams_max_no_tta": 3.4542242306426174, "test_time_no_tta": 1.8017062929998247, "test_public_ams_mean_no_tta": [3.459131738534674, 0.05601697438167705], "test_private_ams_mean_no_tta": [3.4378880264672915, 0.03533343412942895], "test_public_ams_no_tta": 3.4466564376037487, "test_private_ams_no_tta": 3.4346950860862497}}