{"exp_name": "39_baseline+swish", "machine": "icarus", "results": {"train_time": 85.30176607333124, "val_time_no_tta": 0.1464067604392767, "val_ams_smooth_no_tta": 3.444061221108124, "val_ams_max_no_tta": 3.4551020011815035, "test_time_no_tta": 1.0325701925903559, "test_public_ams_mean_no_tta": [3.4458022975897187, 0.0662675457648353], "test_private_ams_mean_no_tta": [3.4064759473415434, 0.03929285115941737], "test_public_ams_no_tta": 3.434276110635319, "test_private_ams_no_tta": 3.402370020925087}}