{"exp_name": "39_baseline+swish", "machine": "helios_cuda", "results": {"train_time": 34.40251286900002, "val_time_no_tta": 0.04696196000031705, "val_ams_smooth_no_tta": 3.388076002750377, "val_ams_max_no_tta": 3.4458139994326076, "test_time_no_tta": 0.1583535549998487, "test_public_ams_mean_no_tta": [3.558063597209803, 0.06221683189867922], "test_private_ams_mean_no_tta": [3.491867606644182, 0.03619191823767205], "test_public_ams_no_tta": 3.5513580444005837, "test_private_ams_no_tta": 3.4889344779404294}}