{"exp_name": "39_baseline+swish", "machine": "morpheus", "results": {"train_time": 58.94817314110696, "val_time_no_tta": 0.22416282817721367, "val_ams_smooth_no_tta": 3.5080827737626272, "val_ams_max_no_tta": 3.6438158502151237, "test_time_no_tta": 2.154541563242674, "test_public_ams_mean_no_tta": [3.5377513433308936, 0.10131689488648961], "test_private_ams_mean_no_tta": [3.475745942849445, 0.033659442426581795], "test_public_ams_no_tta": 3.50275959710594, "test_private_ams_no_tta": 3.4723158848801177}}