{"exp_name": "40_baseline+onecycle", "machine": "morpheus", "results": {"train_time": 97.39695874787867, "val_time_no_tta": 0.17810194939374924, "val_ams_smooth_no_tta": 3.514059098426369, "val_ams_max_no_tta": 3.527863744886864, "test_time_no_tta": 1.5555137638002634, "test_public_ams_mean_no_tta": [3.555441598366644, 0.12716002808545288], "test_private_ams_mean_no_tta": [3.4791349650271095, 0.032507958534094744], "test_public_ams_no_tta": 3.5200406633997674, "test_private_ams_no_tta": 3.476563068243708}}