{"exp_name": "40_baseline+onecycle", "machine": "icarus", "results": {"train_time": 123.00921313464642, "val_time_no_tta": 0.13223902322351933, "val_ams_smooth_no_tta": 3.432687353173479, "val_ams_max_no_tta": 3.530726581591047, "test_time_no_tta": 0.8332033511251211, "test_public_ams_mean_no_tta": [3.5011333331402748, 0.049067823503633416], "test_private_ams_mean_no_tta": [3.5150796232300214, 0.02054166537426035], "test_public_ams_no_tta": 3.4959949021046564, "test_private_ams_no_tta": 3.513740627960795}}