{"exp_name": "40_baseline+onecycle", "machine": "daedalus", "results": {"train_time": 94.07581732235849, "val_time_no_tta": 0.1429570820182562, "val_ams_smooth_no_tta": 3.68369571493311, "val_ams_max_no_tta": 3.7096782577230427, "test_time_no_tta": 0.8180172443389893, "test_public_ams_mean_no_tta": [3.514978572603467, 0.07805100164282563], "test_private_ams_mean_no_tta": [3.5168186462638715, 0.029697412666412557], "test_public_ams_no_tta": 3.502086240707037, "test_private_ams_no_tta": 3.5149530889649485}}