{"exp_name": "40_baseline+onecycle", "machine": "helios_cpu", "results": {"train_time": 52.79937691699979, "val_time_no_tta": 0.07493797400002222, "val_ams_smooth_no_tta": 3.490652786481776, "val_ams_max_no_tta": 3.566500410221083, "test_time_no_tta": 0.447208132999549, "test_public_ams_mean_no_tta": [3.5019438610173905, 0.06923621708726412], "test_private_ams_mean_no_tta": [3.5220043886086514, 0.03934959785242187], "test_public_ams_no_tta": 3.4866294281541563, "test_private_ams_no_tta": 3.5179221794070545}}