{"exp_name": "40_baseline+onecycle", "machine": "mbp", "results": {"train_time": 76.11226281399968, "val_time_no_tta": 0.1853825770003823, "val_ams_smooth_no_tta": 3.4482476001457028, "val_ams_max_no_tta": 3.487433145791953, "test_time_no_tta": 1.1211773500008348, "test_public_ams_mean_no_tta": [3.476522016437771, 0.07382445734599533], "test_private_ams_mean_no_tta": [3.526574422808044, 0.03545146160428471], "test_public_ams_no_tta": 3.467534356626113, "test_private_ams_no_tta": 3.524383417132193}}