{"exp_name": "40_baseline+onecycle", "machine": "helios_cuda", "results": {"train_time": 47.56480419899981, "val_time_no_tta": 0.041357953999977326, "val_ams_smooth_no_tta": 3.467249278345341, "val_ams_max_no_tta": 3.495168525218589, "test_time_no_tta": 0.14801294900007633, "test_public_ams_mean_no_tta": [3.525034342078386, 0.08712994594023482], "test_private_ams_mean_no_tta": [3.548379069694223, 0.02625168667758862], "test_public_ams_no_tta": 3.5044135248343915, "test_private_ams_no_tta": 3.546700581622192}}