{"exp_name": "41_baseline+dense", "machine": "morpheus", "results": {"train_time": 73.69015065580606, "val_time_no_tta": 0.22983001731336117, "val_ams_smooth_no_tta": 3.4367794514367223, "val_ams_max_no_tta": 3.469056116194059, "test_time_no_tta": 1.7722484711557627, "test_public_ams_mean_no_tta": [3.3610939303747123, 0.06288287951541155], "test_private_ams_mean_no_tta": [3.350658756175951, 0.03153556140533046], "test_public_ams_no_tta": 3.351492759871364, "test_private_ams_no_tta": 3.3491344251172595}}