{"exp_name": "41_baseline+dense", "machine": "daedalus", "results": {"train_time": 92.14092409424484, "val_time_no_tta": 0.1694140788167715, "val_ams_smooth_no_tta": 3.5400337768524106, "val_ams_max_no_tta": 3.558718662559162, "test_time_no_tta": 0.9336676895618439, "test_public_ams_mean_no_tta": [3.5296702890561833, 0.07757080138439185], "test_private_ams_mean_no_tta": [3.468783668797289, 0.03217002221488535], "test_public_ams_no_tta": 3.5144113015005876, "test_private_ams_no_tta": 3.4657561346840784}}