{"exp_name": "41_baseline+dense", "machine": "mbp", "results": {"train_time": 63.15977573799955, "val_time_no_tta": 0.2166035930004, "val_ams_smooth_no_tta": 3.3350221229739874, "val_ams_max_no_tta": 3.3516351851967072, "test_time_no_tta": 1.629552755000077, "test_public_ams_mean_no_tta": [3.4900534997965793, 0.08145039625129835], "test_private_ams_mean_no_tta": [3.426666920969705, 0.020160896347827396], "test_public_ams_no_tta": 3.477087590787574, "test_private_ams_no_tta": 3.4251219797354966}}