{"exp_name": "41_baseline+dense", "machine": "helios_cuda", "results": {"train_time": 46.681978578999406, "val_time_no_tta": 0.05215958299959311, "val_ams_smooth_no_tta": 3.373352906681517, "val_ams_max_no_tta": 3.4222976763337756, "test_time_no_tta": 0.16847526599940466, "test_public_ams_mean_no_tta": [3.3734688912339634, 0.06788305120961789], "test_private_ams_mean_no_tta": [3.424985840846695, 0.05327093377189564], "test_public_ams_no_tta": 3.3636975020011466, "test_private_ams_no_tta": 3.420244319795742}}