{"exp_name": "41_baseline+dense", "machine": "helios_cpu", "results": {"train_time": 45.699410792999515, "val_time_no_tta": 0.08424986000045465, "val_ams_smooth_no_tta": 3.405455643255841, "val_ams_max_no_tta": 3.4309667015358714, "test_time_no_tta": 0.5812949529999969, "test_public_ams_mean_no_tta": [3.375342722309081, 0.06191311306403315], "test_private_ams_mean_no_tta": [3.390099068284877, 0.023591604367160315], "test_public_ams_no_tta": 3.3622434376133055, "test_private_ams_no_tta": 3.3898733860602484}}