{"exp_name": "41_baseline+dense", "machine": "icarus", "results": {"train_time": 105.27948267012835, "val_time_no_tta": 0.1631315592676401, "val_ams_smooth_no_tta": 3.522557957958999, "val_ams_max_no_tta": 3.659939046104765, "test_time_no_tta": 1.0481685064733028, "test_public_ams_mean_no_tta": [3.497709266167205, 0.07806479793299813], "test_private_ams_mean_no_tta": [3.4906978063808083, 0.040951669192895924], "test_public_ams_no_tta": 3.4791326946459487, "test_private_ams_no_tta": 3.4857889057610554}}