{"exp_name": "42_baseline+aug", "machine": "daedalus", "results": {"train_time": 196.61112199164927, "val_time_no_tta": 0.14131701551377773, "val_ams_smooth_no_tta": 3.7489034157678014, "val_ams_max_no_tta": 3.8434129620652135, "val_time": 6.603171285241842, "val_ams_smooth": 3.815910839303674, "val_ams_max": 3.9078945355041883, "test_time_no_tta": 0.7881218083202839, "test_public_ams_mean_no_tta": [3.6957459959198795, 0.08797405528729596], "test_private_ams_mean_no_tta": [3.6478853117989387, 0.0279108333279399], "test_public_ams_no_tta": 3.6734868377774226, "test_private_ams_no_tta": 3.645129868829073, "test_time": 26.044711276888847, "test_public_ams_mean": [3.761419698913899, 0.10898619404855756], "test_private_ams_mean": [3.699590344173108, 0.03142405454449674], "test_public_ams": 3.730280903350148, "test_private_ams": 3.696059094633894}}