{"exp_name": "42_baseline+aug", "machine": "mbp", "results": {"train_time": 163.12308006900003, "val_time_no_tta": 0.1505894840001929, "val_ams_smooth_no_tta": 3.5877016907397623, "val_ams_max_no_tta": 3.6132398666076613, "val_time": 4.816867650000859, "val_ams_smooth": 3.5330132943697556, "val_ams_max": 3.6349219310902456, "test_time_no_tta": 1.1821562840004844, "test_public_ams_mean_no_tta": [3.5764134249045534, 0.04886165856555853], "test_private_ams_mean_no_tta": [3.5620870270562603, 0.03349594611246031], "test_public_ams_no_tta": 3.571347017953969, "test_private_ams_no_tta": 3.5601271936821828, "test_time": 24.943821408000076, "test_public_ams_mean": [3.684362467416399, 0.04696276755470266], "test_private_ams_mean": [3.632280088427548, 0.048174258446086464], "test_public_ams": 3.677964473723243, "test_private_ams": 3.62681599624859}}