{"exp_name": "42_baseline+aug", "machine": "morpheus", "results": {"train_time": 174.78701929189265, "val_time_no_tta": 0.18675507977604866, "val_ams_smooth_no_tta": 3.631579093445155, "val_ams_max_no_tta": 3.7321721202755267, "val_time": 6.904023967683315, "val_ams_smooth": 3.803502920245879, "val_ams_max": 3.8085806337015766, "test_time_no_tta": 1.554138096049428, "test_public_ams_mean_no_tta": [3.617266211467674, 0.0784108467864668], "test_private_ams_mean_no_tta": [3.5984311560356077, 0.03617675007393252], "test_public_ams_no_tta": 3.6099462934567517, "test_private_ams_no_tta": 3.5962299920348135, "test_time": 31.701067063957453, "test_public_ams_mean": [3.7337132379363696, 0.10431247397434913], "test_private_ams_mean": [3.701478671689037, 0.051399818668661786], "test_public_ams": 3.71542782887433, "test_private_ams": 3.6965243400467487}}