{"exp_name": "42_baseline+aug", "machine": "icaurs", "results": {"train_time": 229.62567488849163, "val_time_no_tta": 0.14565310813486576, "val_ams_smooth_no_tta": 3.639693186012173, "val_ams_max_no_tta": 3.8265311721935094, "val_time": 6.445449769496918, "val_ams_smooth": 3.6556535789143374, "val_ams_max": 3.8801889379396277, "test_time_no_tta": 0.8550954535603523, "test_public_ams_mean_no_tta": [3.6806751313043824, 0.08587840647920936], "test_private_ams_mean_no_tta": [3.6611511567736534, 0.051415458855735945], "test_public_ams_no_tta": 3.6595692496047736, "test_private_ams_no_tta": 3.654326108137081, "test_time": 18.164181200787425, "test_public_ams_mean": [3.7694220981848163, 0.08080080375966422], "test_private_ams_mean": [3.7047159741977076, 0.03726089866499186], "test_public_ams": 3.7538183718209437, "test_private_ams": 3.701465552352982}}