{"exp_name": "42_baseline+aug", "machine": "helios_cuda", "results": {"train_time": 75.44352531500044, "val_time_no_tta": 0.06006249399979424, "val_ams_smooth_no_tta": 3.474686952781684, "val_ams_max_no_tta": 3.5318785554043353, "val_time": 3.4113074679999045, "val_ams_smooth": 3.5134732740684567, "val_ams_max": 3.561599024631398, "test_time_no_tta": 0.1548118290002094, "test_public_ams_mean_no_tta": [3.6715983731208177, 0.0878730140533339], "test_private_ams_mean_no_tta": [3.581906812908566, 0.039752251003983996], "test_public_ams_no_tta": 3.64788199929091, "test_private_ams_no_tta": 3.577470541966506, "test_time": 13.785647895999318, "test_public_ams_mean": [3.6843545955068437, 0.09750295143376973], "test_private_ams_mean": [3.6501323912606645, 0.0405498974570472], "test_public_ams": 3.6565693145938862, "test_private_ams": 3.6456263072718014}}