{"exp_name": "42_baseline+aug", "machine": "helios_cpu", "results": {"train_time": 107.57158840800003, "val_time_no_tta": 0.0741142030001356, "val_ams_smooth_no_tta": 3.6311646881651263, "val_ams_max_no_tta": 3.666097258535062, "val_time": 3.685174403000019, "val_ams_smooth": 3.7333779127137565, "val_ams_max": 3.7569905917124853, "test_time_no_tta": 0.4991793540002618, "test_public_ams_mean_no_tta": [3.610814401267522, 0.07101482068853036], "test_private_ams_mean_no_tta": [3.573740956996132, 0.03152973438075244], "test_public_ams_no_tta": 3.5930566689983494, "test_private_ams_no_tta": 3.5715758701554114, "test_time": 16.247833714999615, "test_public_ams_mean": [3.6701085198861705, 0.06730951181552597], "test_private_ams_mean": [3.6375514041473602, 0.026707874124448937], "test_public_ams": 3.6533772255749946, "test_private_ams": 3.6362191636781667}}