{"exp_name": "42_baseline+aug", "machine": "icarus", "results": {"train_time": 161.3073194604367, "val_time_no_tta": 0.13189580477774143, "val_ams_smooth_no_tta": 3.6205109193194573, "val_ams_max_no_tta": 3.7049759558026856, "val_time": 6.967899762094021, "val_ams_smooth": 3.692499907029359, "val_ams_max": 3.7208232393747425, "test_time_no_tta": 0.8930990025401115, "test_public_ams_mean_no_tta": [3.5212279235425528, 0.09053670239860288], "test_private_ams_mean_no_tta": [3.527129914348231, 0.039236330739170294], "test_public_ams_no_tta": 3.5030609939018547, "test_private_ams_no_tta": 3.5224440616265444, "test_time": 18.959343967959285, "test_public_ams_mean": [3.669479150937666, 0.08482461481498584], "test_private_ams_mean": [3.6082955035566955, 0.0472080258278247], "test_public_ams": 3.653997220918378, "test_private_ams": 3.6014386901230053}}