{"exp_name": "4_relu_ensemble_embed", "machine": "helios_cpu", "results": {"train_time": 510.1443688060026, "val_time": 0.5104087089966924, "val_ams_smooth": 3.625606406981719, "val_ams_max": 3.6895522252458925, "test_time": 7.9880538180004805, "test_public_ams_mean": [3.7328529899781735, 0.0920898794762519], "test_private_ams_mean": [3.634803058900227, 0.04827965017966373], "test_public_ams": 3.7095349040778633, "test_private_ams": 3.6273978851754674}}