{"exp_name": "4_relu_ensemble_embed", "machine": "mbp", "results": {"train_time": 684.8589037730017, "val_time": 0.7613772799995786, "val_ams_smooth": 3.633381343301387, "val_ams_max": 3.7357070214563737, "test_time": 8.69716411599802, "test_public_ams_mean": [3.7148372657200968, 0.08340152109762641], "test_private_ams_mean": [3.6485544775165097, 0.05372807229351451], "test_public_ams": 3.693935849889358, "test_private_ams": 3.6423639204360447}}