{"exp_name": "4_relu_ensemble_embed", "machine": "helios_cuda", "results": {"train_time": 359.7378375809967, "val_time": 0.11190028799683205, "val_ams_smooth": 3.5108754623462914, "val_ams_max": 3.653933008249952, "test_time": 0.4606651710018923, "test_public_ams_mean": [3.66972396660059, 0.034085831863894925], "test_private_ams_mean": [3.6113697123190427, 0.037956908912215176], "test_public_ams": 3.664499739110171, "test_private_ams": 3.6090080758573975}}