{"exp_name": "4_relu_ensemble_embed", "machine": "daedalus", "results": {"train_time": 823.01998449862, "val_time": 0.7076802402734756, "val_ams_smooth": 3.701877665487529, "val_ams_max": 3.7421387399640196, "test_time": 10.89271504804492, "test_public_ams_mean": [3.650580069008355, 0.12493331863594458], "test_private_ams_mean": [3.648746435793298, 0.034982968211650464], "test_public_ams": 3.5915166221915853, "test_private_ams": 3.645273693202366}}