{"exp_name": "4_relu_ensemble_embed", "machine": "morpheus", "results": {"train_time": 929.5266113914549, "val_time": 0.9987899661064148, "val_ams_smooth": 3.9034602534309917, "val_ams_max": 3.9499263435668945, "test_time": 14.352150447666645, "test_public_ams_mean": [3.7273576818367067, 0.07647478896723195], "test_private_ams_mean": [3.644386952367495, 0.04551702702379704], "test_public_ams": 3.705675777606967, "test_private_ams": 3.641468344952768}}