{"exp_name": "4_relu_ensemble_embed", "machine": "icarus", "results": {"train_time": 1100.8438929617405, "val_time": 0.6116650141775608, "val_ams_smooth": 3.815050332532884, "val_ams_max": 3.892037070005534, "test_time": 10.309973731637001, "test_public_ams_mean": [3.777419898991971, 0.13091997150952864], "test_private_ams_mean": [3.6582824835785055, 0.04119653239234311], "test_public_ams": 3.734092495290332, "test_private_ams": 3.654271914257962}}