{"exp_name": "6_relu_ensemble_embed_fix", "machine": "daedalus", "results": {"train_time": 861.4261348471045, "val_time": 0.7352070510387421, "val_ams_smooth": 3.7826533712557637, "val_ams_max": 3.8816383201176357, "test_time": 11.012279778718948, "test_public_ams_mean": [3.726948103355256, 0.12278169475142028], "test_private_ams_mean": [3.7122046131844835, 0.041199065192232244], "test_public_ams": 3.680403411706967, "test_private_ams": 3.7072970512664702}}