{"exp_name": "6_relu_ensemble_embed_fix", "machine": "helios_cpu", "results": {"train_time": 555.9174366219995, "val_time": 0.5526868300003116, "val_ams_smooth": 3.804620860738202, "val_ams_max": 3.8775432450290848, "test_time": 8.654346570998314, "test_public_ams_mean": [3.794664887844134, 0.10094786059883128], "test_private_ams_mean": [3.715478507667369, 0.05254956715018864], "test_public_ams": 3.76557574839114, "test_private_ams": 3.7103451743231997}}