{"exp_name": "6_relu_ensemble_embed_fix", "machine": "helios_cuda", "results": {"train_time": 386.81688965800095, "val_time": 0.10821266399943852, "val_ams_smooth": 3.659481714919895, "val_ams_max": 3.7618574602427257, "test_time": 0.46180686600018817, "test_public_ams_mean": [3.7465231102628183, 0.09049325702110418], "test_private_ams_mean": [3.718469285945659, 0.027373307659662297], "test_public_ams": 3.724980759468502, "test_private_ams": 3.7153855450232345}}