{"exp_name": "6_relu_ensemble_embed_fix", "machine": "icarus", "results": {"train_time": 1262.1973341405392, "val_time": 0.6576794683933258, "val_ams_smooth": 3.9125257553314357, "val_ams_max": 3.9559851702888538, "test_time": 10.475129395723343, "test_public_ams_mean": [3.786115409407196, 0.09236251675560073], "test_private_ams_mean": [3.7565716054589324, 0.027181676789780652], "test_public_ams": 3.766359133837335, "test_private_ams": 3.7549342649527806}}