{"exp_name": "6_relu_ensemble_embed_fix", "machine": "mbp", "results": {"train_time": 657.1545228050018, "val_time": 0.7604494400002295, "val_ams_smooth": 3.7977782799050277, "val_ams_max": 3.8435614393601107, "test_time": 8.721801882998989, "test_public_ams_mean": [3.718427864732334, 0.045544654101531856], "test_private_ams_mean": [3.72592804854152, 0.04034760390489338], "test_public_ams": 3.7176595891596484, "test_private_ams": 3.7219935458226425}}