{"exp_name": "6_relu_ensemble_embed_fix", "machine": "morpheus", "results": {"train_time": 862.9456472806633, "val_time": 0.9852008745074272, "val_ams_smooth": 4.0156569164549785, "val_ams_max": 4.0780369384766555, "test_time": 14.884700991213322, "test_public_ams_mean": [3.75741980058104, 0.1015890475795987], "test_private_ams_mean": [3.719093297064295, 0.026828001628392526], "test_public_ams": 3.72669921883264, "test_private_ams": 3.717418599629119}}