{"exp_name": "7_relu_ensemble_embed_aug", "machine": "mbp", "results": {"train_time": 1420.586964852002, "val_time_no_tta": 0.7701200960000278, "val_ams_smooth_no_tta": 3.8163705991308694, "val_ams_max_no_tta": 3.8771860223662085, "val_time": 9.568701434000104, "val_ams_smooth": 3.8330172160139804, "val_ams_max": 3.873232555177483, "test_time_no_tta": 8.769647453998914, "test_public_ams_mean_no_tta": [3.776825824403776, 0.06065043296022456], "test_private_ams_mean_no_tta": [3.727019692815601, 0.04197842588305641], "test_public_ams_no_tta": 3.768647292718845, "test_private_ams_no_tta": 3.722010453523056, "test_time": 96.96949299300104, "test_public_ams_mean": [3.7783938631592227, 0.08359880013792029], "test_private_ams_mean": [3.7465407033720437, 0.040738579954956125], "test_public_ams": 3.7593005196572586, "test_private_ams": 3.741541022949231}}