{"exp_name": "7_relu_ensemble_embed_aug", "machine": "helios_cpu", "results": {"train_time": 1105.1190962319997, "val_time_no_tta": 0.5548700030012697, "val_ams_smooth_no_tta": 3.813777126133487, "val_ams_max_no_tta": 3.8672180652366897, "val_time": 6.986393130999204, "val_ams_smooth": 3.7959413578361514, "val_ams_max": 3.9197281321328528, "test_time_no_tta": 8.125343764999343, "test_public_ams_mean_no_tta": [3.7418871656559047, 0.04836505138738418], "test_private_ams_mean_no_tta": [3.74501829120727, 0.05666455809907667], "test_public_ams_no_tta": 3.7401306509803716, "test_private_ams_no_tta": 3.739063964996926, "test_time": 76.8027273100015, "test_public_ams_mean": [3.7525648633547304, 0.058962000724359656], "test_private_ams_mean": [3.773823940750679, 0.0524297370709663], "test_public_ams": 3.749243972977498, "test_private_ams": 3.7687595129935327}}