{"exp_name": "7_relu_ensemble_embed_aug", "machine": "helios_cuda", "results": {"train_time": 856.456601979, "val_time_no_tta": 0.10381101699931605, "val_ams_smooth_no_tta": 3.7199580266515455, "val_ams_max_no_tta": 3.883731892634895, "val_time": 3.9004398100005346, "val_ams_smooth": 3.8157408753331885, "val_ams_max": 3.8912289847907995, "test_time_no_tta": 0.4685391380007786, "test_public_ams_mean_no_tta": [3.787235850184108, 0.055990928066406], "test_private_ams_mean_no_tta": [3.748222984887267, 0.04743595181572713], "test_public_ams_no_tta": 3.7837205978352912, "test_private_ams_no_tta": 3.7443211999282537, "test_time": 15.702224503000252, "test_public_ams_mean": [3.794224096424292, 0.05866456609633236], "test_private_ams_mean": [3.750178580200236, 0.04653196509668843], "test_public_ams": 3.7902496010379094, "test_private_ams": 3.7464651916694534}}