{"exp_name": "7_relu_ensemble_embed_aug", "machine": "morpheus", "results": {"train_time": 1917.0427521020174, "val_time_no_tta": 0.9829583577811718, "val_ams_smooth_no_tta": 4.064253258159722, "val_ams_max_no_tta": 4.126302627665145, "val_time": 12.648118067532778, "val_ams_smooth": 4.131256402650642, "val_ams_max": 4.147535575572495, "test_time_no_tta": 14.574983302503824, "test_public_ams_mean_no_tta": [3.771725723750643, 0.10152048980964352], "test_private_ams_mean_no_tta": [3.781684601100568, 0.024600688973307857], "test_public_ams_no_tta": 3.7516012067938442, "test_private_ams_no_tta": 3.7799706154524655, "test_time": 127.36496529355645, "test_public_ams_mean": [3.7934884780328373, 0.10062232106484773], "test_private_ams_mean": [3.7896688480897263, 0.023180333428999573], "test_public_ams": 3.7751987042847666, "test_private_ams": 3.788250695144093}}