{"exp_name": "7_relu_ensemble_embed_aug", "machine": "daedalus", "results": {"train_time": 1778.8500439189374, "val_time_no_tta": 0.6316602975130081, "val_ams_smooth_no_tta": 3.900284928167094, "val_ams_max_no_tta": 3.9380056675775488, "val_time": 9.811469089239836, "val_ams_smooth": 3.8494991000945378, "val_ams_max": 3.973752039132896, "test_time_no_tta": 11.008672390133142, "test_public_ams_mean_no_tta": [3.7865676502235983, 0.09081107318768236], "test_private_ams_mean_no_tta": [3.805694045959801, 0.03984883966374217], "test_public_ams_no_tta": 3.7629386569395473, "test_private_ams_no_tta": 3.8012118038865905, "test_time": 96.24754408374429, "test_public_ams_mean": [3.7686909991005324, 0.0824255276406844], "test_private_ams_mean": [3.801299741804671, 0.029052862091288816], "test_public_ams": 3.7508649857906677, "test_private_ams": 3.7987820350130566}}