{"exp_name": "7_relu_ensemble_embed_aug", "machine": "icarus", "results": {"train_time": 2434.4770407788455, "val_time_no_tta": 0.6351962201297283, "val_ams_smooth_no_tta": 3.9050487490508234, "val_ams_max_no_tta": 3.9715010132914874, "val_time": 10.467003673315048, "val_ams_smooth": 3.9190435622528383, "val_ams_max": 3.9417181840338515, "test_time_no_tta": 9.86177122220397, "test_public_ams_mean_no_tta": [3.7792168839241107, 0.08291545464792853], "test_private_ams_mean_no_tta": [3.758544133389563, 0.037802905276164256], "test_public_ams_no_tta": 3.7620250956328256, "test_private_ams_no_tta": 3.7527343969973668, "test_time": 83.46615833044052, "test_public_ams_mean": [3.8266021102617715, 0.08909971528497024], "test_private_ams_mean": [3.7931053633295035, 0.03990204560297324], "test_public_ams": 3.8055280053300207, "test_private_ams": 3.7861413651177296}}