{"exp_name": "8_relu_ensemble_embed_aug_cosine", "machine": "helios_cuda", "results": {"train_time": 1071.2552189010003, "val_time_no_tta": 0.10334181300095224, "val_ams_smooth_no_tta": 3.7233274359777995, "val_ams_max_no_tta": 3.8131627974134865, "val_time": 3.9427943880000385, "val_ams_smooth": 3.7413554207441786, "val_ams_max": 3.7431627977418773, "test_time_no_tta": 0.4764783670016186, "test_public_ams_mean_no_tta": [3.802924392279163, 0.05012976538847199], "test_private_ams_mean_no_tta": [3.814270005750733, 0.04117833402731062], "test_public_ams_no_tta": 3.7946495441687214, "test_private_ams_no_tta": 3.8086778964626906, "test_time": 15.776565760001176, "test_public_ams_mean": [3.840980786153536, 0.05798463466073224], "test_private_ams_mean": [3.8264005637550285, 0.04305560432259407], "test_public_ams": 3.831205138635773, "test_private_ams": 3.8199873746767494}}