{"exp_name": "8_relu_ensemble_embed_aug_cosine", "machine": "daedalus", "results": {"train_time": 2312.1058770753443, "val_time_no_tta": 0.7399084940552711, "val_ams_smooth_no_tta": 3.928657868477411, "val_ams_max_no_tta": 4.064549739256122, "val_time": 9.619439002126455, "val_ams_smooth": 3.908261023556844, "val_ams_max": 3.983639197536167, "test_time_no_tta": 10.604887831956148, "test_public_ams_mean_no_tta": [3.776584810788235, 0.06361255770909581], "test_private_ams_mean_no_tta": [3.7794913344779344, 0.03924282168329069], "test_public_ams_no_tta": 3.7651598660182866, "test_private_ams_no_tta": 3.7736983827174564, "test_time": 96.54838000237942, "test_public_ams_mean": [3.7722235709955783, 0.07108529959300021], "test_private_ams_mean": [3.7971263934621264, 0.039815548079552315], "test_public_ams": 3.756940723806643, "test_private_ams": 3.7920602137441994}}