{"exp_name": "8_relu_ensemble_embed_aug_cosine", "machine": "mbp", "results": {"train_time": 1872.3703625300004, "val_time_no_tta": 0.7822962870013725, "val_ams_smooth_no_tta": 3.826948890575496, "val_ams_max_no_tta": 3.8398062637818446, "val_time": 10.530989639999461, "val_ams_smooth": 3.841215269693605, "val_ams_max": 3.8622045510166645, "test_time_no_tta": 8.888548886003264, "test_public_ams_mean_no_tta": [3.745151241902744, 0.07236817728118997], "test_private_ams_mean_no_tta": [3.735737169034298, 0.045273264143193076], "test_public_ams_no_tta": 3.73387445330671, "test_private_ams_no_tta": 3.730593408787164, "test_time": 91.79057268899851, "test_public_ams_mean": [3.7737614628751963, 0.07422253879095461], "test_private_ams_mean": [3.7579769136663983, 0.04581254180408267], "test_public_ams": 3.760665626969957, "test_private_ams": 3.7526074911610405}}