{"exp_name": "8_relu_ensemble_embed_aug_cosine", "machine": "morpheus", "results": {"train_time": 2496.386730764061, "val_time_no_tta": 0.9519818052649498, "val_ams_smooth_no_tta": 4.042357683069513, "val_ams_max_no_tta": 4.0935454453851605, "val_time": 12.615795504301786, "val_ams_smooth": 4.036453839353904, "val_ams_max": 4.130717697756017, "test_time_no_tta": 14.967655908316374, "test_public_ams_mean_no_tta": [3.782262792477797, 0.11129804526366883], "test_private_ams_mean_no_tta": [3.809335288539157, 0.026124721930169723], "test_public_ams_no_tta": 3.754989584827695, "test_private_ams_no_tta": 3.8077447865927314, "test_time": 124.75855591148138, "test_public_ams_mean": [3.780320078088083, 0.10344127704498146], "test_private_ams_mean": [3.784129708855649, 0.025582602936741243], "test_public_ams": 3.756149598768612, "test_private_ams": 3.782722840927303}}