{"exp_name": "8_relu_ensemble_embed_aug_cosine", "machine": "icarus", "results": {"train_time": 3129.2301096506417, "val_time_no_tta": 0.6394444555044174, "val_ams_smooth_no_tta": 4.00865483964898, "val_ams_max_no_tta": 4.021705768820394, "val_time": 10.791007932275534, "val_ams_smooth": 4.006073417250347, "val_ams_max": 4.0263743546097635, "test_time_no_tta": 10.321874216198921, "test_public_ams_mean_no_tta": [3.845311216820348, 0.10348517405689162], "test_private_ams_mean_no_tta": [3.8069294424997486, 0.04131530391812538], "test_public_ams_no_tta": 3.8237310776620985, "test_private_ams_no_tta": 3.8032353874276117, "test_time": 82.03943572193384, "test_public_ams_mean": [3.856702111136216, 0.09402767907325438], "test_private_ams_mean": [3.807317770006268, 0.0447453366584532], "test_public_ams": 3.838122733552692, "test_private_ams": 3.8023030167956158}}