{"exp_name": "8_relu_ensemble_embed_aug_cosine", "machine": "helios_cpu", "results": {"train_time": 1336.9412542690006, "val_time_no_tta": 0.5358222890008619, "val_ams_smooth_no_tta": 3.829797872166928, "val_ams_max_no_tta": 3.8965333309586447, "val_time": 7.052974219001044, "val_ams_smooth": 3.891489953497058, "val_ams_max": 3.916780854936064, "test_time_no_tta": 8.150053145998754, "test_public_ams_mean_no_tta": [3.7625185815018662, 0.06303344747637367], "test_private_ams_mean_no_tta": [3.7666397904760354, 0.05396084510303118], "test_public_ams_no_tta": 3.7559941916259794, "test_private_ams_no_tta": 3.760761794718405, "test_time": 72.32156363399918, "test_public_ams_mean": [3.7849068369642955, 0.05773166254165987], "test_private_ams_mean": [3.7879653980689425, 0.0541364360888508], "test_public_ams": 3.781299755131331, "test_private_ams": 3.782072555039763}}