{"exp_name": "9_swish_ensemble_embed_aug_cosine", "machine": "icarus", "results": {"train_time": 3223.6267878226936, "val_time_no_tta": 0.7916230894625187, "val_ams_smooth_no_tta": 3.959830319592088, "val_ams_max_no_tta": 4.047684774899383, "val_time": 11.841536104679108, "val_ams_smooth": 3.971469461263224, "val_ams_max": 4.030596529376805, "test_time_no_tta": 14.54624480009079, "test_public_ams_mean_no_tta": [3.8500295543925036, 0.08793019496028315], "test_private_ams_mean_no_tta": [3.809213458591467, 0.04304684279369343], "test_public_ams_no_tta": 3.8249557426704497, "test_private_ams_no_tta": 3.8050910672793705, "test_time": 119.78252524510026, "test_public_ams_mean": [3.873390459413938, 0.08718904032637606], "test_private_ams_mean": [3.8040769751114034, 0.04754525339629408], "test_public_ams": 3.849281060915182, "test_private_ams": 3.7999434588484458}}