{"exp_name": "9_swish_ensemble_embed_aug_cosine", "machine": "mbp", "results": {"train_time": 2059.6913701660014, "val_time_no_tta": 1.180895031997352, "val_ams_smooth_no_tta": 3.8095932308533786, "val_ams_max_no_tta": 3.866142439460928, "val_time": 12.64778947800005, "val_ams_smooth": 3.8204873188917072, "val_ams_max": 3.872538538914218, "test_time_no_tta": 13.616638962997968, "test_public_ams_mean_no_tta": [3.791797592448943, 0.08789336063749945], "test_private_ams_mean_no_tta": [3.7601690019082215, 0.02434688519541691], "test_public_ams_no_tta": 3.769719136068956, "test_private_ams_no_tta": 3.758642313117185, "test_time": 124.19971454199913, "test_public_ams_mean": [3.770817164571735, 0.08441290632359519], "test_private_ams_mean": [3.7591095029974513, 0.020234610707666596], "test_public_ams": 3.7504802707059315, "test_private_ams": 3.7575352677235463}}