{"exp_name": "9_swish_ensemble_embed_aug_cosine", "machine": "morpheus", "results": {"train_time": 2677.11003062129, "val_time_no_tta": 1.322226032614708, "val_ams_smooth_no_tta": 4.0264550490939754, "val_ams_max_no_tta": 4.178934588017966, "val_time": 14.537162810564041, "val_ams_smooth": 4.059134108902066, "val_ams_max": 4.148025008782953, "test_time_no_tta": 20.78089588880539, "test_public_ams_mean_no_tta": [3.824308315259251, 0.12608280911359612], "test_private_ams_mean_no_tta": [3.797905289640719, 0.02944983809755787], "test_public_ams_no_tta": 3.782148408568802, "test_private_ams_no_tta": 3.7947690107898433, "test_time": 174.5848509632051, "test_public_ams_mean": [3.8415679258664555, 0.122354242794195], "test_private_ams_mean": [3.8151992718653625, 0.02749909561040355], "test_public_ams": 3.799068734134975, "test_private_ams": 3.8119108068517478}}