{"exp_name": "9_swish_ensemble_embed_aug_cosine", "machine": "daedalus", "results": {"train_time": 2546.773567393422, "val_time_no_tta": 0.8684123232960701, "val_ams_smooth_no_tta": 3.923450481908001, "val_ams_max_no_tta": 4.005194699408119, "val_time": 11.012539431452751, "val_ams_smooth": 3.858397925631851, "val_ams_max": 4.0712907749596, "test_time_no_tta": 15.501483503729105, "test_public_ams_mean_no_tta": [3.7775350978762083, 0.09951978129592728], "test_private_ams_mean_no_tta": [3.8340837754592245, 0.03941184715951495], "test_public_ams_no_tta": 3.7497498290636657, "test_private_ams_no_tta": 3.8306802806699363, "test_time": 132.96508285403252, "test_public_ams_mean": [3.7979684308382824, 0.08570649160638646], "test_private_ams_mean": [3.8396439566802067, 0.04027828243856142], "test_public_ams": 3.7765040605381492, "test_private_ams": 3.836117239414272}}