{"exp_name": "9_swish_ensemble_embed_aug_cosine", "machine": "helios_cuda", "results": {"train_time": 1106.806600719, "val_time_no_tta": 0.11632665400020414, "val_ams_smooth_no_tta": 3.6533957226208176, "val_ams_max_no_tta": 3.7126116499742983, "val_time": 3.982635387999835, "val_ams_smooth": 3.67865260573931, "val_ams_max": 3.7464713720202543, "test_time_no_tta": 0.6015742340000543, "test_public_ams_mean_no_tta": [3.795433878249632, 0.08429239078424601], "test_private_ams_mean_no_tta": [3.801688719906431, 0.0357672894054953], "test_public_ams_no_tta": 3.7752677685820393, "test_private_ams_no_tta": 3.7984169603966205, "test_time": 16.509969547999845, "test_public_ams_mean": [3.7786783049017325, 0.0792703374802653], "test_private_ams_mean": [3.8090507317787172, 0.03914652807325242], "test_public_ams": 3.7595039319777386, "test_private_ams": 3.8058056987521534}}