{"exp_name": "9_swish_ensemble_embed_aug_cosine", "machine": "helios_cpu", "results": {"train_time": 1410.502052979, "val_time_no_tta": 0.8489471129996673, "val_ams_smooth_no_tta": 3.816769232628843, "val_ams_max_no_tta": 3.9085224787271593, "val_time": 8.847477996000634, "val_ams_smooth": 3.8011358128934027, "val_ams_max": 3.900750837310393, "test_time_no_tta": 12.387806147999981, "test_public_ams_mean_no_tta": [3.8182995472415207, 0.08493213300818217], "test_private_ams_mean_no_tta": [3.7758438618626586, 0.02707076864649558], "test_public_ams_no_tta": 3.7941573143695613, "test_private_ams_no_tta": 3.773957561728941, "test_time": 108.27907101399978, "test_public_ams_mean": [3.8189016625367898, 0.08394728623823342], "test_private_ams_mean": [3.777855832360794, 0.022026206967754963], "test_public_ams": 3.796847220262621, "test_private_ams": 3.7763784454784255}}