{"exp_name": "0_relu_baseline", "machine": "helios_cuda", "results": {"train_time": 43.782843346999925, "val_time": 0.04535975499993583, "val_ams_smooth": 3.3383846106425334, "val_ams_max": 3.3864018719232276, "test_time": 0.1655050790000132, "test_public_ams_mean": [3.4252915287519867, 0.06698794119305782], "test_private_ams_mean": [3.458699202098417, 0.024287167847804977], "test_public_ams": 3.4152910600122133, "test_private_ams": 3.457117683092224}}