{"exp_name": "10_swish_ensemble_embed_aug_swacosine1", "machine": "helios_cuda", "results": {"train_time": 1728.1440159190006, "val_time_no_tta": 0.1300506219995441, "val_ams_smooth_no_tta": 3.690463211968435, "val_ams_max_no_tta": 3.7221677055354063, "val_time": 4.080207105000227, "val_ams_smooth": 3.7158089753877257, "val_ams_max": 3.745684392080296, "test_time_no_tta": 0.5555371610007569, "test_public_ams_mean_no_tta": [3.7592644278584806, 0.08955390037134782], "test_private_ams_mean_no_tta": [3.774458674751049, 0.028842951741222252], "test_public_ams_no_tta": 3.7439064063230356, "test_private_ams_no_tta": 3.7712057358600273, "test_time": 18.77355545899991, "test_public_ams_mean": [3.8183970083588195, 0.08295589672286247], "test_private_ams_mean": [3.8021343805386607, 0.029995000566733227], "test_public_ams": 3.805084455833394, "test_private_ams": 3.798762672597289}}