{"exp_name": "11_swish_ensemble_embed_aug_swacyclic", "machine": "helios_cuda", "results": {"train_time": 1968.1871315220014, "val_time_no_tta": 0.1345119670004351, "val_ams_smooth_no_tta": 3.739787960210492, "val_ams_max_no_tta": 3.7557667106632664, "val_time": 4.063543091997417, "val_ams_smooth": 3.727821576740896, "val_ams_max": 3.7570434867713254, "test_time_no_tta": 0.5456250469978841, "test_public_ams_mean_no_tta": [3.8214609929026393, 0.08660691594100477], "test_private_ams_mean_no_tta": [3.7999471798664812, 0.03661181155781918], "test_public_ams_no_tta": 3.7998407318073073, "test_private_ams_no_tta": 3.796420824049152, "test_time": 18.580921582000883, "test_public_ams_mean": [3.81487624324187, 0.08821067764498952], "test_private_ams_mean": [3.7914465108232016, 0.03570752433945386], "test_public_ams": 3.7936227627693326, "test_private_ams": 3.788000392977062}}