{"exp_name": "12_swish_ensemble_embed_aug_onecycle", "machine": "helios_cuda", "results": {"train_time": 587.6052509349975, "val_time_no_tta": 0.121776124000462, "val_ams_smooth_no_tta": 3.6875785160395105, "val_ams_max_no_tta": 3.9215805913221193, "val_time": 4.122195302999899, "val_ams_smooth": 3.6842012348824507, "val_ams_max": 3.765659545020822, "test_time_no_tta": 0.55673284599834, "test_public_ams_mean_no_tta": [3.8268140195121383, 0.12855127738605981], "test_private_ams_mean_no_tta": [3.7998584338233963, 0.030783701969276538], "test_public_ams_no_tta": 3.795980968494544, "test_private_ams_no_tta": 3.7971746491901794, "test_time": 18.805722868000885, "test_public_ams_mean": [3.839443179284025, 0.1294679296849747], "test_private_ams_mean": [3.802271500002688, 0.030312852306878725], "test_public_ams": 3.8056256364568606, "test_private_ams": 3.799413244247194}}