{"exp_name": "13_swish_ensemble_embed_aug_onecycle_dense", "machine": "helios_cuda", "results": {"train_time": 668.7882737719999, "val_time_no_tta": 0.13992497100002765, "val_ams_smooth_no_tta": 3.6948943510702748, "val_ams_max_no_tta": 3.7609773006619327, "val_time": 4.344949871999916, "val_ams_smooth": 3.723301395897483, "val_ams_max": 4.125682468556836, "test_time_no_tta": 0.5776828449997993, "test_public_ams_mean_no_tta": [3.8158278168442643, 0.07342643954133553], "test_private_ams_mean_no_tta": [3.814037143582964, 0.04897999362440625], "test_public_ams_no_tta": 3.800862992931197, "test_private_ams_no_tta": 3.8089402783535955, "test_time": 18.61797429699982, "test_public_ams_mean": [3.8284258957766015, 0.08198655646961017], "test_private_ams_mean": [3.8106786603234597, 0.04810084190059337], "test_public_ams": 3.810099386943926, "test_private_ams": 3.806002444090252}}