{"exp_name": "13_swish_ensemble_embed_aug_onecycle_dense", "machine": "icarus", "results": {"train_time": 1727.6319796815515, "val_time_no_tta": 0.8671667613089085, "val_ams_smooth_no_tta": 3.9122440753900953, "val_ams_max_no_tta": 3.9574413321752, "val_time": 13.918408334255219, "val_ams_smooth": 3.930737251764028, "val_ams_max": 3.9729464614650136, "test_time_no_tta": 10.416218414902687, "test_public_ams_mean_no_tta": [3.806064224191855, 0.06138098291583698], "test_private_ams_mean_no_tta": [3.811492687736441, 0.04154256473504787], "test_public_ams_no_tta": 3.7979466843241316, "test_private_ams_no_tta": 3.805796409439361, "test_time": 100.57909600436687, "test_public_ams_mean": [3.8428992332696246, 0.06062086088009418], "test_private_ams_mean": [3.809918131866824, 0.040635291755980296], "test_public_ams": 3.8361809420082773, "test_private_ams": 3.8048076796675487}}