{"exp_name": "13_swish_ensemble_embed_aug_onecycle_dense", "machine": "morpheus", "results": {"train_time": 1397.3590333350003, "val_time_no_tta": 1.42796029150486, "val_ams_smooth_no_tta": 3.994478430835254, "val_ams_max_no_tta": 4.1302076811052695, "val_time": 17.115993600338697, "val_ams_smooth": 4.005874674970222, "val_ams_max": 4.135994188780372, "test_time_no_tta": 19.45932426303625, "test_public_ams_mean_no_tta": [3.7709854231229345, 0.10524435586849078], "test_private_ams_mean_no_tta": [3.8105927978052136, 0.054866488912377394], "test_public_ams_no_tta": 3.74820579555785, "test_private_ams_no_tta": 3.8016500885916815, "test_time": 168.9303200505674, "test_public_ams_mean": [3.7906482005553066, 0.09732829956795211], "test_private_ams_mean": [3.8199120271128164, 0.05443952141918933], "test_public_ams": 3.768373972171409, "test_private_ams": 3.8112865970792797}}