{"exp_name": "13_swish_ensemble_embed_aug_onecycle_dense", "machine": "mbp", "results": {"train_time": 1145.833141661, "val_time_no_tta": 1.7878719499999534, "val_ams_smooth_no_tta": 3.834942130331311, "val_ams_max_no_tta": 3.8569122137745673, "val_time": 16.97981351699991, "val_ams_smooth": 3.826499775277814, "val_ams_max": 3.864863166884122, "test_time_no_tta": 19.038643604999834, "test_public_ams_mean_no_tta": [3.8084352271502953, 0.103341955440056], "test_private_ams_mean_no_tta": [3.798231096290548, 0.038491860486452895], "test_public_ams_no_tta": 3.790015519192744, "test_private_ams_no_tta": 3.7950222562941, "test_time": 167.2355282360004, "test_public_ams_mean": [3.8043128015987007, 0.09819590301223029], "test_private_ams_mean": [3.792321344255627, 0.04301375014064682], "test_public_ams": 3.7877278689426284, "test_private_ams": 3.7881961584437684}}