{"exp_name": "13_swish_ensemble_embed_aug_onecycle_dense", "machine": "helios_cpu", "results": {"train_time": 743.5037136450001, "val_time_no_tta": 0.45195758599993496, "val_ams_smooth_no_tta": 3.8136962832360433, "val_ams_max_no_tta": 3.9057223080433174, "val_time": 5.924541684999895, "val_ams_smooth": 3.847210990691414, "val_ams_max": 3.899381177898735, "test_time_no_tta": 4.783288466000158, "test_public_ams_mean_no_tta": [3.788572270001468, 0.11512831804520697], "test_private_ams_mean_no_tta": [3.8146594345093616, 0.0380446966855884], "test_public_ams_no_tta": 3.7512155185504974, "test_private_ams_no_tta": 3.810274448646402, "test_time": 53.68321215299966, "test_public_ams_mean": [3.8390982974616805, 0.12081747799275429], "test_private_ams_mean": [3.827329209623939, 0.04189581590600236], "test_public_ams": 3.7990223503420384, "test_private_ams": 3.8220709091494776}}