{"exp_name": "13_swish_ensemble_embed_aug_onecycle_dense", "machine": "daedalus", "results": {"train_time": 1319.453137371689, "val_time_no_tta": 1.0517741553485394, "val_ams_smooth_no_tta": 3.8901791736075557, "val_ams_max_no_tta": 3.995727230573394, "val_time": 13.471009850502014, "val_ams_smooth": 3.8273046110809235, "val_ams_max": 4.0022013177555795, "test_time_no_tta": 8.841448187828064, "test_public_ams_mean_no_tta": [3.7753437742603944, 0.13042417325762634], "test_private_ams_mean_no_tta": [3.796177249717015, 0.04670106609625073], "test_public_ams_no_tta": 3.728897283580721, "test_private_ams_no_tta": 3.7914360612651996, "test_time": 91.53600511327386, "test_public_ams_mean": [3.7842424546661766, 0.13477376040927064], "test_private_ams_mean": [3.807412510572584, 0.040517885671959956], "test_public_ams": 3.7329740572888124, "test_private_ams": 3.8033446765843113}}