{"exp_name": "14_swish_ensemble_embed_aug_onecycle_dense_split", "machine": "helios_cuda", "results": {"train_time": 754.9714556990002, "val_time_no_tta": 0.17591423300109454, "val_ams_smooth_no_tta": 3.433283629312225, "val_ams_max_no_tta": 3.4425438413254437, "val_time": 4.482314716002293, "val_ams_smooth": 3.409507535735025, "val_ams_max": 3.4201426629978484, "test_time_no_tta": 0.5276368869999715, "test_public_ams_mean_no_tta": [3.551482268049201, 0.08095699251672422], "test_private_ams_mean_no_tta": [3.5540558316928603, 0.029525803883818466], "test_public_ams_no_tta": 3.5319425905997175, "test_private_ams_no_tta": 3.5510855883903925, "test_time": 18.458457794000424, "test_public_ams_mean": [3.5674936919651814, 0.0760382776385409], "test_private_ams_mean": [3.551484971552548, 0.029884086394414762], "test_public_ams": 3.550572523765278, "test_private_ams": 3.548350561609227}}