{"exp_name": "15_swish_ensemble_embed_aug_onecycle_dense_split_bottleneck", "machine": "helios_cuda", "results": {"train_time": 877.3924376200011, "val_time_no_tta": 0.20441046799896867, "val_ams_smooth_no_tta": 3.4965447897339477, "val_ams_max_no_tta": 3.542809327146326, "val_time": 4.650898774998495, "val_ams_smooth": 3.485388992874887, "val_ams_max": 3.5481329045526855, "test_time_no_tta": 0.5561781969990989, "test_public_ams_mean_no_tta": [3.657284984174848, 0.08051152614220834], "test_private_ams_mean_no_tta": [3.6110252214761425, 0.03456026305500294], "test_public_ams_no_tta": 3.6421939584745573, "test_private_ams_no_tta": 3.60701454951823, "test_time": 19.04600348200256, "test_public_ams_mean": [3.654199307755332, 0.08063943780028017], "test_private_ams_mean": [3.6082772586238576, 0.03065233930861285], "test_public_ams": 3.637792327932395, "test_private_ams": 3.6051343098863096}}