{"exp_name": "16_swish_ensemble_embed_aug_onecycle_dense_wide-deep", "machine": "helios_cuda", "results": {"train_time": 781.6050909260011, "val_time_no_tta": 0.1724084510024113, "val_ams_smooth_no_tta": 3.676158060274459, "val_ams_max_no_tta": 3.7137566659179146, "val_time": 4.544729283999914, "val_ams_smooth": 3.7018286594872185, "val_ams_max": 3.729054130290758, "test_time_no_tta": 0.6849112960007915, "test_public_ams_mean_no_tta": [3.810038763407885, 0.06411359043948674], "test_private_ams_mean_no_tta": [3.7913508620818623, 0.04602137634323369], "test_public_ams_no_tta": 3.793779020351748, "test_private_ams_no_tta": 3.7866706812930895, "test_time": 19.85220530299921, "test_public_ams_mean": [3.812753963946887, 0.06733346452772361], "test_private_ams_mean": [3.784942158660224, 0.0428648746895207], "test_public_ams": 3.7957194725572903, "test_private_ams": 3.7812713503460453}}