{"exp_name": "1_relu_ensemble", "machine": "helios_cuda", "results": {"train_time": 428.846603553, "val_time": 0.11141370600034861, "val_ams_smooth": 3.5350058605740555, "val_ams_max": 3.6018996623545614, "test_time": 0.44975389600040216, "test_public_ams_mean": [3.6657233321310736, 0.09893292069592399], "test_private_ams_mean": [3.6376555520358784, 0.04122853927677237], "test_public_ams": 3.6370451988143184, "test_private_ams": 3.6343915567161167}}