{"exp_name": "2_relu_ensemble_embed", "machine": "helios_cuda", "results": {"train_time": 381.8890184360007, "val_time": 0.104592037000657, "val_ams_smooth": 3.513307910557617, "val_ams_max": 3.550323467077133, "test_time": 0.454633737000222, "test_public_ams_mean": [3.6512074344443937, 0.08867613686642134], "test_private_ams_mean": [3.593927366897212, 0.04073667926684181], "test_public_ams": 3.6373890457240887, "test_private_ams": 3.5883705701960937}}