{"exp_name": "3_relu_ensemble_embed_fix", "machine": "helios_cuda", "results": {"train_time": 414.2075240109998, "val_time": 0.10682747499959078, "val_ams_smooth": 3.695775191802117, "val_ams_max": 3.746613386359916, "test_time": 0.4654224649993921, "test_public_ams_mean": [3.731635021436099, 0.08474033271493997], "test_private_ams_mean": [3.7002439125201505, 0.03119447712337013], "test_public_ams": 3.720337053680775, "test_private_ams": 3.696533119400931}}