{"exp_name": "4_relu_ensemble_embed_aug", "machine": "helios_cuda", "results": {"train_time": 1296.8430152680003, "val_time_no_tta": 0.2694898669997201, "val_ams_smooth_no_tta": 3.677717932985136, "val_ams_max_no_tta": 3.746343291855032, "val_time": 5.21767496099983, "val_ams_smooth": 3.7055776237147855, "val_ams_max": 3.927774903454548, "test_time_no_tta": 0.6510663569997632, "test_public_ams_mean_no_tta": [3.810255563508922, 0.09224173050857579], "test_private_ams_mean_no_tta": [3.777439347521954, 0.07026967643758854], "test_public_ams_no_tta": 3.7975905095671183, "test_private_ams_no_tta": 3.7646380753532322, "test_time": 30.533175024999764, "test_public_ams_mean": [3.79014309069953, 0.09084033875284714], "test_private_ams_mean": [3.805628589883592, 0.07357740341259808], "test_public_ams": 3.7791117178604607, "test_private_ams": 3.791888432526918}}