{"exp_name": "5_relu_ensemble_embed_aug_cosine", "machine": "helios_cuda", "results": {"train_time": 1200.3881746240004, "val_time_no_tta": 0.10733058200094092, "val_ams_smooth_no_tta": 3.664108418530368, "val_ams_max_no_tta": 3.7287225620214803, "val_time": 3.9800466440010496, "val_ams_smooth": 3.6912649299004685, "val_ams_max": 3.762314854418808, "test_time_no_tta": 0.4603307159995893, "test_public_ams_mean_no_tta": [3.789507180892521, 0.08331427139651412], "test_private_ams_mean_no_tta": [3.761919949822192, 0.03648078185794853], "test_public_ams_no_tta": 3.772219568749248, "test_private_ams_no_tta": 3.7594369884637917, "test_time": 18.58460641400052, "test_public_ams_mean": [3.7980266223259633, 0.07961354894487782], "test_private_ams_mean": [3.7649795612385217, 0.035809885224664904], "test_public_ams": 3.7798338673111753, "test_private_ams": 3.7621522207121143}}