{"exp_name": "6_swish_ensemble_embed_aug_cosine", "machine": "helios_cuda", "results": {"train_time": 1274.1477741340004, "val_time_no_tta": 0.1120760470003006, "val_ams_smooth_no_tta": 3.7032104455654733, "val_ams_max_no_tta": 3.740367997406708, "val_time": 4.0595593549987825, "val_ams_smooth": 3.741133642091487, "val_ams_max": 3.746720973429489, "test_time_no_tta": 0.5244072479999886, "test_public_ams_mean_no_tta": [3.749073213648265, 0.07441624854329189], "test_private_ams_mean_no_tta": [3.7740979233170435, 0.0288076196228483], "test_public_ams_no_tta": 3.7336536545876444, "test_private_ams_no_tta": 3.7725820509398633, "test_time": 19.017618067999138, "test_public_ams_mean": [3.7987073775063784, 0.0791610793525029], "test_private_ams_mean": [3.782285305146497, 0.028474949535157508], "test_public_ams": 3.782822377278487, "test_private_ams": 3.780612109407688}}