{"exp_name": "7_swish_ensemble_embed_aug_sse", "machine": "helios_cuda", "results": {"train_time": 2278.850776014, "val_time_no_tta": 0.49016598900016106, "val_ams_smooth_no_tta": 3.702462327444678, "val_ams_max_no_tta": 3.7753687644088356, "val_time": 7.411587095000868, "val_ams_smooth": 3.7712103807364503, "val_ams_max": 3.948493479667108, "test_time_no_tta": 2.1793640710002364, "test_public_ams_mean_no_tta": [3.7573220373904332, 0.08420247437969255], "test_private_ams_mean_no_tta": [3.7707917522656276, 0.03587656869842364], "test_public_ams_no_tta": 3.741444819501012, "test_private_ams_no_tta": 3.7672236415700326, "test_time": 42.487646535999374, "test_public_ams_mean": [3.7685779176700978, 0.07607599103921271], "test_private_ams_mean": [3.7879701434085726, 0.03756567615974286], "test_public_ams": 3.756768075837107, "test_private_ams": 3.7846786579838225}}