{"exp_name": "8_swish_ensemble_embed_aug_fge", "machine": "helios_cuda", "results": {"train_time": 1279.3318059599987, "val_time_no_tta": 0.6676352569993469, "val_ams_smooth_no_tta": 3.719972998023527, "val_ams_max_no_tta": 3.7450468733822575, "val_time": 9.973275588999968, "val_ams_smooth": 3.721203144624791, "val_ams_max": 3.75915430904811, "test_time_no_tta": 3.5274930899995525, "test_public_ams_mean_no_tta": [3.765413283420834, 0.06492974711987046], "test_private_ams_mean_no_tta": [3.762570146153814, 0.03772481860943038], "test_public_ams_no_tta": 3.753755683483895, "test_private_ams_no_tta": 3.7591059321281133, "test_time": 63.050680890000876, "test_public_ams_mean": [3.751465112663438, 0.06685344083691934], "test_private_ams_mean": [3.764230845085115, 0.03428165171064569], "test_public_ams": 3.738786470279079, "test_private_ams": 3.761232929973479}}