{"exp_name": "9_swish_ensemble_embed_aug_swaconst", "machine": "helios_cuda", "results": {"train_time": 1646.5413266729993, "val_time_no_tta": 0.12606047299959755, "val_ams_smooth_no_tta": 3.6899241405285994, "val_ams_max_no_tta": 3.759180494931164, "val_time": 4.0806004959995335, "val_ams_smooth": 3.7399669940627214, "val_ams_max": 3.7635853245766007, "test_time_no_tta": 0.5507354040000791, "test_public_ams_mean_no_tta": [3.7648382273941463, 0.049705176439145904], "test_private_ams_mean_no_tta": [3.8040734450905136, 0.024687801736830956], "test_public_ams_no_tta": 3.761945841866894, "test_private_ams_no_tta": 3.8019317769606595, "test_time": 18.681336640000154, "test_public_ams_mean": [3.7961511364187857, 0.053946081178613804], "test_private_ams_mean": [3.800246243293363, 0.0307180115756515], "test_public_ams": 3.792327777921635, "test_private_ams": 3.7972107240456032}}